Title,RMS Mean (dB),RMS Total (dB),RMS Min (dB),RMS Max (dB),Offset (sec),Endset (sec),Length (sec)
001_Chained to the Rhythm - Katy Perry,-15.2149,-11.19,"(127.0, -98.7342)","(72.0, -5.34)",0.4302,240.4289,240.8591
002_Zomboy - Endgame,-10.046,-7.82,"(0.0, -80.47)","(82.0, -3.4629)",0.6916,307.9817,308.6734
003_Falling - Dropgun x Asketa,-10.9091,-9.6199,"(0.0, -98.04)","(57.0, -5.7157)",0.9693,203.2839,204.2532
004_Namae no Nai Kaibutsu 227,-15.5734,-12.39,"(0.0, -98.66)","(118.0, -7.1756)",1.538,313.1595,314.6975
005_Hide & Seek ‚Äì Amber Run,-16.2985,-12.55,"(0.0, -97.69)","(118.0, -7.4896)",6.4563,272.2401,278.6964
006_Cruel Angels Thesis - Fujima Sakura,-15.4631,-12.4,"(116.0, -96.3162)","(107.0, -7.9952)",0.4616,271.7564,272.218
007_Kimi no Shiranai Monogatari,-12.8384,-10.95,"(0.0, -83.09)","(66.0, -7.5634)",5.5231,343.7155,349.2386
008_Beat it - Michael Jackson (Mutrix Remix),-12.0842,-8.39,"(0.0, -98.66)","(53.0, -3.5943)",0.1004,228.0461,228.1465
009_Alan Walker - Spectre,-12.9985,-10.31,"(0.0, -98.67)","(52.0, -5.1737)",1.068,192.0182,193.0863
010_Fox Stevenson - Bruises,-11.1488,-8.3699,"(0.0, -98.66)","(106.0, -4.164)",0.1034,220.6704,220.7738
011_Sonic Generations - City Escape,-14.7884,-12.32,"(0.0, -98.39)","(70.0, -8.1668)",1.2898,154.4104,155.7003
012_James Landino - Reaction ft Slyleaf),-19.5408,-13.35,"(124.0, -96.7856)","(51.0, -6.6873)",0.1153,121.8231,121.9385
013_Fox Stevenson - Comeback,-17.1839,-14.45,"(127.0, -76.2589)","(93.0, -9.8805)",0.3203,206.359,206.6793
014_Elvenking - The Horden Ghost and the Sorcerer,-15.5326,-13.56,"(0.0, -83.34)","(111.0, -9.1053)",0.1491,276.5039,276.653
015_TXT - Run Away (Japanese ver),-13.1486,-10.63,"(0.0, -98.73)","(12.0, -5.1162)",0.1881,210.5603,210.7485
016_Obenkyou Shitoiteyo,-12.3843,-10.25,"(127.0, -98.7069)","(90.0, -5.2503)",0.8448,279.8587,280.7035
017_Asking Alexandria - The Violence,-26.8063,-19.93,"(0.0, -98.65)","(26.0, -11.7437)",0.3812,425.9904,426.3716
018_Heatseeker - Reaper,-11.1723,-8.75,"(5.0, -24.1387)","(91.0, -3.707)",0.0229,189.2766,189.2996
019_Camellia ‚Äì 1f1e33,-10.209,-8.08,"(0.0, -98.66)","(36.0, -5.8437)",1.8545,165.5253,167.3799
020_Fighting Gold - Jojo Golden Wind,-16.5807,-14.59,"(0.0, -83.59)","(60.0, -12.28)",0.5503,89.1821,89.7324
021_Platinum Disco (Short Ver) [Nisemonogatari Opening 3],-12.0899,-11.02,"(0.0, -98.66)","(103.0, -7.3941)",0.6855,252.0742,252.7597
022_[Bloq Busters Vol 4] Guns n‚Äô Roses ‚Äì Sweet Child O‚Äô Mine,-18.0143,-14.94,"(0.0, -97.73)","(112.0, -9.225)",0.506,361.6197,362.1257
023_YOASOBI ‚Äì Yoru ni Kakeru,-17.5021,-11.31,"(124.0, -98.7768)","(120.0, -6.6162)",4.1859,276.8901,281.076
024_The Prodigy ‚Äì The Day is my Enemy,-12.884,-10.48,"(0.0, -98.66)","(115.0, -6.4745)",0.3118,231.0038,231.3157
025_[[Wall Show+Chroma]] Cups (When I‚Äôm Gone)  Pitch Perfect,-30.2531,-19.27,"(126.0, -91.926)","(100.0, -9.0487)",0.9269,260.7957,261.7226
026_Mogli ‚Äì WinterSun (Neelix Remix),-18.0615,-13.48,"(0.0, -78.29)","(110.0, -8.4284)",1.5339,267.4677,269.0017
027_Snoop Dogg & Wiz Khalifa ‚Äì Young Wild and Free (ft Bruno Mars) [Z-ANESaber],-15.2265,-13.46,"(127.0, -29.4802)","(83.0, -8.6874)",0.2906,270.4331,270.7238
028_Moe Shop x Hentaidude  Superstar (Chroma RGB),-15.2866,-12.59,"(0.0, -98.66)","(19.0, -7.3203)",0.3013,155.8633,156.1647
029_Reol ‚Äì Utena,-13.387,-10.97,"(0.0, -98.09)","(70.0, -7.1206)",1.7927,198.606,200.3987
030_[Bloq Busters Vol 4] Eric Johnson ‚Äì Cliffs of Dover,-17.7577,-14.68,"(2.0, -90.4149)","(51.0, -11.3562)",0.0018,267.1654,267.1673
031_Ridin‚Äô ‚Äì Fise,-13.0368,-10.44,"(127.0, -93.2512)","(119.0, -5.6724)",0.0244,204.3448,204.3693
032_Love With You (TV Size) [Kishuku Gakkou no Juliet Opening] ‚Äì fripSide,-18.822,-12.46,"(0.0, -98.66)","(74.0, -7.6826)",5.2379,333.8071,339.0451
033_UAD ‚Äì HAYAKO,-17.0285,-12.35,"(0.0, -96.56)","(47.0, -6.9925)",3.8459,126.0338,129.8797
034_Throwing a Flashbang,-24.6886,-15.52,"(65.0, -74.2218)","(27.0, -3.2468)",0.0035,296.1078,296.1114
035_Realize ‚Äì Suzuki Konomi (zero kara hajimeru isekai seikatsu saison 2 op)TV size,-12.3744,-10.21,"(0.0, -98.66)","(115.0, -6.0071)",4.8533,239.1989,244.0522
036_The surrounding people around (·Ñå·ÖÆ·Ñá·Öß·Ü´·Ñã·Öµ·Ü´) ‚Äì Outsider,-13.3936,-10.53,"(0.0, -98.66)","(48.0, -5.8737)",0.4269,187.0484,187.4753
037_Elle King ‚Äì Ex‚Äôs And Oh‚Äôs,-14.8084,-11.91,"(0.0, -97.72)","(97.0, -8.0678)",0.6667,223.6253,224.292
038_Uragirimono no Requiem (TV Size) [JoJo‚Äôs Bizarre Adventure Golden Wind 2nd Opening] ‚Äì Daisuke Hasegawa,-21.2972,-19.66,"(1.0, -69.0592)","(72.0, -14.445)",1.1175,114.7141,115.8316
039_JoJo‚Äôs Bizarre Adventure Opening Compilation,-10.7323,-9.77,"(0.0, -88.29)","(2.0, -7.9025)",0.4479,90.3122,90.7601
040_[TD4L] Teen Titans Theme Song [Z-ANESaber],-17.0763,-15.95,"(0.0, -60.93)","(63.0, -11.3007)",0.8506,59.007,59.8576
041_[[Wall Show + Chroma]] GAS GAS GAS  Manuel,-12.4253,-10.8699,"(0.0, -98.66)","(126.0, -7.764)",1.6512,270.1488,271.8001
042_Diana Ross ‚Äì I‚Äôm Coming Out,-16.3768,-13.44,"(0.0, -92.87)","(99.0, -7.5688)",0.1459,321.9021,322.048
043_Like A Riddle ‚Äì Felix Jaehn (feat Hearts & Colors Adam Trigger),-15.0906,-12.3699,"(0.0, -90.19)","(38.0, -6.821)",1.579,178.9778,180.5569
044_Mogli ‚Äì WinterSun (Neelix Remix),-18.0615,-13.48,"(0.0, -78.29)","(110.0, -8.4284)",1.5339,267.4677,269.0017
045_Semi Transparent Boy ‚Äì Yorushika  Ê∫ñÈÄèÊòéÂ∞ëÂπ¥ ‚Äì „É®„É´„Ç∑„Ç´,-13.0966,-11.59,"(0.0, -98.66)","(78.0, -8.5917)",0.4737,280.5791,281.0528
046_MAHO Dou ‚Äì Ojamajo Carnival!!„Åä„Ç∑„Çô„É£È≠îÂ•≥„Ç´„Éº„Éã„Éè„Çô„É´!! Covered by Tokino Sora √ó Tenjin Kotone,-17.323,-14.41,"(127.0, -98.47)","(84.0, -9.4031)",0.1481,219.6624,219.8106
047_Kienai Kioku,-16.5097,-14.2,"(0.0, -94.85)","(3.0, -10.5595)",3.8054,191.6242,195.4296
048_Blues Traveler ‚Äì Hook,-20.002,-17.38,"(0.0, -94.26)","(39.0, -12.6312)",0.7259,264.8976,265.6236
049_Perfectarea complete,-14.7808,-11.91,"(127.0, -98.6828)","(122.0, -7.8362)",0.6744,242.7043,243.3788
050_Flyers [Death Parade Opening] ‚Äì AmaLee,-12.6254,-11.7,"(0.0, -98.51)","(108.0, -8.1681)",0.1714,204.8285,205.0
051_[V2] Im Scatman feat Shirakami Fubuki ‚Äì Hamburgaga,-12.9669,-11.84,"(125.0, -32.7203)","(111.0, -7.8985)",0.0341,56.5401,56.5743
052_Ridin‚Äô ‚Äì Fise,-13.0368,-10.44,"(127.0, -93.2512)","(119.0, -5.6724)",0.0244,204.3448,204.3693
053_Reol ‚Äì Bon-no-yu-gi,-10.6074,-8.32,"(0.0, -98.66)","(17.0, -5.3753)",0.4739,191.9705,192.4444
054_For me,-12.0978,-10.06,"(105.0, -23.7193)","(112.0, -4.2)",0.0047,229.9863,229.9911
055_Dance! ‚Äì Persona 4 Dancing All Night,-17.1275,-13.16,"(1.0, -98.8486)","(91.0, -7.9931)",2.1102,226.1757,228.2859
056_JoJo‚Äôs Bizarre Adventure Opening Compilation,-11.5488,-10.13,"(0.0, -98.64)","(83.0, -7.04)",0.8652,261.1762,262.0414
057_Best Part ‚Äì The Score,-14.4177,-11.36,"(0.0, -98.66)","(84.0, -6.3339)",1.5673,179.1289,180.6962
058_Blue Stahli ‚Äì Awaken,-16.441,-12.41,"(0.0, -98.66)","(109.0, -7.8827)",1.742,125.7228,127.4648
059_Primary  GLORIOUS DAYS  Chroma RGB,-14.149,-11.24,"(0.0, -98.66)","(83.0, -7.4032)",0.7981,255.0962,255.8944
060_Uragirimono no Requiem (TV Size) [JoJo‚Äôs Bizarre Adventure Golden Wind 2nd Opening] ‚Äì Daisuke Hasegawa,-18.9001,-12.51,"(0.0, -98.66)","(92.0, -8.3)",0.9721,236.3252,237.2973
061_Tom Petty The Heartbreakers ‚Äì Don‚Äôt Do Me Like That,-21.2572,-17.26,"(0.0, -98.66)","(53.0, -11.4896)",0.7945,161.883,162.6775
062_Bonk Bonk Bonk Bonk,-14.6458,-10.16,"(0.0, -91.1)","(123.0, -4.2081)",0.0614,155.7085,155.77
063_[[Wall Show + Chroma]] GAS GAS GAS  Manuel,-18.6553,-15.78,"(0.0, -97.03)","(46.0, -11.3645)",0.897,108.2937,109.1907
064_No Rain ‚Äì Blind Melon,-20.0008,-16.5,"(0.0, -69.98)","(77.0, -12.5855)",0.3046,246.6613,246.9659
065_Powerwolf ‚Äì Venom of Venus,-12.693,-10.97,"(0.0, -98.66)","(68.0, -8.2586)",0.2678,208.3721,208.6399
066_Hare Hare Yukai (Short Ver) [The Melancholy of Haruhi Suzumiya Ending],-19.1777,-12.59,"(10.0, -87.9462)","(117.0, -9.3437)",5.5019,65.5848,71.0868
067_Falling ‚Äì Dropgun x Asketa & Natan Chaim,-10.4591,-9.42,"(127.0, -43.9657)","(120.0, -5.6512)",0.0218,193.0738,193.0956
068_Bryan Adams ‚Äì Summer of 69,-13.7555,-12.57,"(0.0, -98.66)","(115.0, -8.7372)",0.0568,212.6597,212.7165
069_Reol ‚Äì Bon-no-yu-gi,-10.6074,-8.32,"(0.0, -98.66)","(17.0, -5.3753)",0.4739,191.9705,192.4444
070_Sakuranbo ‚Äì Otsuka Ai,-18.2567,-16.07,"(0.0, -76.7)","(29.0, -12.7355)",2.5397,234.1342,236.6739
071_PSYQUI feat Such ‚Äì Eyes On Me,-13.025,-9.76,"(0.0, -98.62)","(58.0, -4.7396)",4.7358,129.4163,134.1522
072_Minami -„Äå Amewomatsu„ÄÅ„ÄçÁæéÊ≥¢„Äå„Ç¢„É°„É≤„Éû„ÉÑ„ÄÅ„Äç,-16.4078,-13.15,"(0.0, -66.22)","(104.0, -8.1975)",1.2395,294.8452,296.0847
073_Kaerimichi [227 Soundtrack] ‚Äì Sakura Fujima,-13.3878,-11.3,"(0.0, -84.68)","(108.0, -7.534)",0.396,89.6959,90.0919
074_My Soul Your Beats! [iDOLM@STER Soundtrack] ‚Äì Chieri Ogata,-16.7951,-13.96,"(0.0, -98.66)","(63.0, -9.5231)",0.3552,275.2761,275.6314
075_Different Heaven ‚Äì Nekozilla,-15.1722,-10.69,"(127.0, -55.8381)","(55.0, -4.6988)",0.0231,165.9636,165.9867
076_staple stable [227 Soundtrack] ‚Äì Miu Takigawa,-15.8964,-13.24,"(0.0, -89.63)","(46.0, -9.6382)",4.8798,84.2024,89.0822
077_Help Is On The Way ‚Äì Rise Against,-16.3044,-11.86,"(127.0, -93.5408)","(93.0, -9.0756)",0.056,258.6944,258.7504
078_Superhuman (Nightcore),-13.1573,-10.58,"(0.0, -98.66)","(37.0, -4.0795)",0.9972,189.3936,190.3909
079_Lost Princess (TV Size) [Princess Connect! ReDive Opening] ‚Äì Pecorine (CV Mao Ichimichi) Kokkoro (CV Milku Itou) Kiruya (CV Rika Tachibana),-15.6904,-12.96,"(0.0, -92.38)","(125.0, -10.0309)",2.4762,90.7624,93.2386
080_PREPARING THE KRABBY PATTY,-24.8924,-18.5799,"(0.0, -56.54)","(126.0, -13.4409)",0.3656,33.0583,33.424
081_Departure! (TV Size) [Hunter X Hunter ‚Äì Opening 1] ‚Äì Masatoshi Ono,-16.3601,-14.51,"(0.0, -87.81)","(54.0, -12.0203)",0.5989,89.4233,90.0223
082_PoPiPo feat Hatsune Miku ‚Äì LamazeP,-18.0987,-14.54,"(0.0, -97.8)","(101.0, -8.646)",0.3565,194.6664,195.0229
083_ryo(supercell) ‚Äì World is Mine„ÉØ„Éº„É´„Éà„Çô„Ç§„Çπ„Çô„Éû„Ç§„É≥ ‚Äì feat Hatsune Miku,-13.7567,-11.74,"(0.0, -98.66)","(32.0, -8.7899)",4.081,251.7436,255.8247
084_Everyday ‚Äì Virtual Riot,-15.1899,-11.59,"(127.0, -62.0642)","(28.0, -5.8461)",0.0047,233.9801,233.9849
085_Summer in the City ‚Äì Styx,-13.4823,-11.82,"(0.0, -98.66)","(75.0, -8.7132)",1.8275,203.087,204.9146
086_Dr Meaker ‚Äì Freaks (ft Cappo D & Sharlene Hector),-15.4065,-11.11,"(0.0, -98.66)","(36.0, -5.2831)",4.1883,195.4906,199.6789
087_David Bowie ‚Äì Magic Dance (from Labyrinth OST),-14.8788,-12.6199,"(127.0, -61.9631)","(83.0, -9.0418)",1.2157,251.4148,252.6305
088_GHOST DATA ‚Äì PROJEKT MELODY (ft AL!CE),-13.5561,-10.39,"(127.0, -50.2693)","(31.0, -5.3749)",0.0593,231.4421,231.5014
089_Centimeter (kanojo okarishimasu [Rental Girlfriend] op),-15.6782,-14.38,"(0.0, -61.14)","(117.0, -11.4328)",2.1657,88.9831,91.1488
090_You Are Mine ft Kayliana ‚Äì S3RL,-10.0981,-8.02,"(0.0, -98.66)","(34.0, -5.039)",2.7993,191.8056,194.6049
091_Renai Circulation [227 Soundtrack] ‚Äì Ayaka Tachikawa,-19.8136,-15.98,"(0.0, -55.49)","(12.0, -11.8999)",1.5853,129.1063,130.6916
092_Fruit Ninja in Beat Saber!,-23.1582,-18.03,"(82.0, -42.1957)","(121.0, -10.2876)",0.0528,243.995,244.0479
093_Aurora ‚Äì Synthion,-13.0265,-9.94,"(0.0, -98.45)","(94.0, -5.1631)",0.0583,194.8717,194.93
094_Takahashi Youko ‚Äì A Cruel Angel‚Äôs ThesisÊÆãÈÖ∑„Å™Â§©‰Ωø„ÅÆ„ÉÜ„Éº„Çª„Çô ‚Äì Nightcore,-21.226,-18.13,"(0.0, -95.7)","(126.0, -11.49)",1.8579,209.5702,211.4282
095_JVNA ‚Äì Catch Me (Chroma RGB lights),-13.5595,-9.99,"(0.0, -47.97)","(26.0, -3.909)",4.807,194.8486,199.6557
096_Fleetwood Mac ‚Äì Hold Me,-20.9425,-16.77,"(127.0, -61.406)","(81.0, -10.8535)",2.1925,224.1539,226.3464
097_Get Up ‚Äì Tokyo Machine,-12.9495,-9.74,"(0.0, -98.66)","(59.0, -4.2196)",0.9256,189.4188,190.3445
098_MY FIRST STORY ‚Äì 1000000 TIMES feat chelly (EGOIST),-10.9402,-9.74,"(0.0, -95.87)","(54.0, -5.9201)",0.6627,314.383,315.0458
099_üå†Starrideüå†- Mysteka,-10.2314,-8.7899,"(0.0, -98.65)","(105.0, -5.5178)",2.9043,232.928,235.8324
100_Hollowness ‚Äì Minami,-15.0945,-12.55,"(0.0, -84.87)","(63.0, -8.6028)",5.5055,314.5104,320.0159
101_ROCK in the USA ‚Äì John Mellencamp,-18.9206,-16.9,"(0.0, -93.14)","(62.0, -11.1079)",0.9648,174.6814,175.6462
102_The Nights ‚Äì Avicii,-14.2057,-11.55,"(0.0, -98.66)","(50.0, -5.1517)",0.3417,190.2925,190.6343
103_That‚Äôs Life ‚Äì Frank Sinatra,-15.3349,-13.24,"(127.0, -97.9171)","(84.0, -9.0361)",0.0485,187.1482,187.1967
104_Never Gonna Give You Up (Well Mapped+Timed Version),-18.0001,-15.76,"(0.0, -65.6)","(57.0, -11.3956)",0.0915,211.9635,212.0551
105_Everyday ‚Äì Virtual Riot,-15.1899,-11.59,"(127.0, -62.0642)","(28.0, -5.8461)",0.0047,233.9801,233.9849
106_Fireflies ‚Äì Owl City,-21.3503,-15.13,"(0.0, -90.98)","(102.0, -9.7739)",1.3413,232.6334,233.9748
107_Portal 2 ‚Äì Turret Opera  Cara Mia Addio,-16.9489,-12.5,"(1.0, -98.504)","(57.0, -7.6754)",1.6823,153.5535,155.2359
108_Kuchibairo no Oto,-15.6083,-12.8,"(0.0, -98.38)","(61.0, -7.8901)",0.2038,374.9947,375.1985
109_Kurenai [Taiko no Tatsujin Soundtrack] ‚Äì X Japan,-18.4215,-15.34,"(0.0, -97.6)","(71.0, -11.5323)",2.9004,170.7721,173.6725
110_You Are Mine ft Kayliana ‚Äì S3RL,-10.0981,-8.02,"(0.0, -98.66)","(34.0, -5.039)",2.7993,191.8056,194.6049
111_Renai Circulation [227 Soundtrack] ‚Äì Ayaka Tachikawa,-19.8136,-15.98,"(0.0, -55.49)","(12.0, -11.8999)",1.5853,129.1063,130.6916
112_Fruit Ninja in Beat Saber!,-22.9123,-18.03,"(48.0, -41.185)","(121.0, -9.7398)",0.0528,244.007,244.0599
113_JVNA ‚Äì Catch Me (Chroma RGB lights),-14.0226,-10.0,"(0.0, -47.99)","(22.0, -3.19)",4.807,193.2232,198.0303
114_Fleetwood Mac ‚Äì Hold Me,-20.6416,-16.75,"(0.0, -61.96)","(79.0, -9.2415)",1.1847,224.1488,225.3335
115_ANIMA (TV Size) [Sword Art Online Alicization ‚Äì War of Underworld Part 2 Opening] ‚Äì ReoNa,-12.3699,-10.97,"(0.0, -98.66)","(48.0, -8.1125)",0.7264,266.3015,267.028
116_Hollowness ‚Äì Minami,-15.0945,-12.55,"(0.0, -84.87)","(63.0, -8.6028)",5.5055,314.5224,320.0279
117_–¥–æ—Ä–∞ ‚Äì –î–æ—Ä–∞–¥—É—Ä–∞ (Doradura),-17.6631,-13.43,"(127.0, -98.7415)","(121.0, -8.005)",0.0454,129.0912,129.1367
118_Aether and Light,-15.0549,-12.22,"(127.0, -56.678)","(48.0, -4.9812)",0.0475,230.1424,230.1899
119_„Éè„É≠„Éè„ÉØ„É¶ ‚Äì Hello how are you ‚Äì „Éä„Éé„Ç¶ ‚Äì featHatsune Miku,-15.4689,-11.1199,"(0.0, -98.66)","(107.0, -6.35)",3.4804,285.3398,288.8203
120_Moe Shop ‚Äì WWW (feat EDOGA-SULLIVAN) VS Map,-13.2647,-9.84,"(0.0, -98.66)","(66.0, -4.7004)",0.2945,206.9188,207.2134
121_Ayase  Last Resort  Ft Ado,-13.1134,-11.64,"(0.0, -98.66)","(43.0, -8.2472)",0.5758,186.1807,186.7566
122_Akiyama Uni ‚Äì Odoru Mizushibuki  „ÅÇ„Åç„ÇÑ„Åæ „ÅÜ„Å´ ‚Äì Ë∏ä„ÇãÊ∞¥È£õÊ≤´,-14.3375,-12.77,"(0.0, -98.42)","(114.0, -8.3596)",1.0414,196.8263,197.8677
123_Rameses B ‚Äì Children,-11.2898,-8.7899,"(127.0, -60.9487)","(32.0, -4.07)",0.0318,204.3374,204.3693
124_The Clash ‚Äì Rock the Casbah,-17.5106,-15.92,"(0.0, -70.69)","(18.0, -12.0917)",0.4669,219.0417,219.5087
125_Jigsaw Puzzle ‚Äì mafumafu,-11.861,-10.1,"(0.0, -98.66)","(117.0, -7.6375)",1.4229,207.9851,209.408
126_DANCE! VR DANCE! ‚Äì KurageP,-13.192,-11.32,"(0.0, -98.65)","(68.0, -7.7275)",0.5101,203.5109,204.021
127_Pegboard Nerds ‚Äì Rhythm Is A Dancer (ft Tia Simone),-12.4956,-9.1199,"(0.0, -84.79)","(98.0, -4.015)",0.1268,223.1315,223.2584
128_The Foundations ‚Äì Build Me Up Buttercup,-15.2904,-12.35,"(0.0, -98.64)","(51.0, -8.9696)",0.8556,173.467,174.3227
129_Can‚Äôt Take My Eyes Off Of You ‚Äì Frankie Valli,-17.2235,-15.39,"(0.0, -97.38)","(107.0, -10.3638)",0.5009,201.5464,202.0473
130_Voice (TV Size) [Chuunibyou demo Koi ga Shitai! Ren Opening] ‚Äì ZAQ,-15.4648,-13.92,"(127.0, -95.249)","(117.0, -10.4082)",0.0116,89.4189,89.4305
131_Boom Clap ‚Äì Charli XCX,-15.7794,-10.24,"(0.0, -98.66)","(17.0, -5.0541)",1.4825,173.4605,174.9431
132_[Alphabeat ‚Äì Pegboard Nerds Pack] Pegboard Nerds ‚Äì Luigi‚Äôs Mansion,-13.142,-8.55,"(127.0, -98.4542)","(53.0, -3.5629)",0.392,233.0719,233.4639
133_Last Of Me [Arknights Soundtrack] ‚Äì Steve Aoki ft RUNN,-12.345,-10.56,"(127.0, -58.9478)","(114.0, -5.175)",0.0095,181.8465,181.8561
134_kz-livetune ‚Äì Tell Your World ‚Äì feat Hatsune Miku,-17.0574,-11.17,"(0.0, -98.66)","(109.0, -6.4925)",1.6471,270.7798,272.427
135_[Alphabeat ‚Äì Pegboard Nerds Pack] Pegboard Nerds ‚Äì Disconnected,-12.457,-10.0,"(0.0, -98.66)","(105.0, -4.7975)",0.0949,241.8907,241.9856
136_[Alphabeat ‚Äì Pegboard Nerds Pack] Pegboard Nerds ‚Äì Gunslinga,-11.6606,-8.44,"(0.0, -88.17)","(121.0, -5.4025)",6.7047,167.931,174.6358
137_Monster [Arknights Soundtrack] ‚Äì Starset,-17.2465,-14.02,"(0.0, -96.2099)","(33.0, -10.6187)",3.2068,258.2276,261.4345
138_Michael Jackson ‚Äì Off the Wall,-21.1805,-17.88,"(0.0, -98.59)","(111.0, -12.2937)",0.3001,246.2366,246.5368
139_ShinRa-Bansho  Maids Heart Is A Puppet (Chroma RGB),-13.1037,-10.46,"(0.0, -98.24)","(17.0, -7.3228)",0.6833,199.3438,200.0272
140_Get It Right ‚Äì Left Boy,-15.4298,-11.19,"(0.0, -98.66)","(81.0, -4.8085)",0.2638,249.5469,249.8108
141_Apashe ‚Äì I‚Äôm A Dragon (ft Sway),-14.0889,-9.57,"(127.0, -95.7149)","(32.0, -5.295)",0.014,392.762,392.776
142_Jackpot The Fat Rat,-13.3838,-10.01,"(0.0, -98.66)","(11.0, -5.7229)",0.1782,195.739,195.9173
143_Blinding Lights ‚Äì The Weeknd,-16.5925,-13.05,"(0.0, -98.66)","(18.0, -8.2518)",0.8548,261.6805,262.5353
144_Everyday ‚Äì Virtual Riot,-15.1899,-11.59,"(127.0, -62.0642)","(28.0, -5.8461)",0.0047,233.9801,233.9849
145_Rockefeller Street (EightOEight Hardstyle Remix),-11.534,-9.24,"(127.0, -50.13)","(44.0, -4.6899)",0.047,238.5252,238.5723
146_Save Us From Ourselves [Arknights Soundtrack] ‚Äì Bear Grillz ft Micah Martin,-11.9909,-8.83,"(0.0, -98.73)","(93.0, -4.2262)",0.9192,188.5021,189.4214
147_I want You ·Ñá·Ö°·Ü´·Ñç·Ö°·Ü®‚òÖ·Ñá·Ö°·Ü´·Ñç·Ö°·Ü® Sunshine DJMAX,-11.5822,-10.24,"(0.0, -61.48)","(41.0, -6.7152)",2.9385,133.8022,136.7408
148_Digital Girl ‚Äì KIRA,-12.1738,-9.73,"(0.0, -98.66)","(25.0, -4.5108)",0.2182,182.4052,182.6234
149_Ding Dong Song ‚Äì GuÃànther & The Sunshine Girls,-16.4257,-13.36,"(0.0, -98.68)","(76.0, -9.0525)",0.8412,243.4664,244.3076
150_Aoi Haru,-15.5575,-12.33,"(0.0, -98.66)","(63.0, -6.5768)",0.37,246.3989,246.769
151_Tuesday (feat Danelle Sandoval)  Burak Yeter,-14.7652,-10.57,"(0.0, -98.66)","(48.0, -4.5587)",0.228,190.0931,190.3212
152_Takin‚Äô It To The Streets ‚Äì The Doobie Brothers,-22.7474,-19.42,"(0.0, -95.3199)","(104.0, -13.9387)",0.1302,215.6401,215.7703
153_Nothing For Free ‚Äì Pendulum,-13.5106,-10.41,"(0.0, -98.66)","(77.0, -5.7653)",0.1495,182.9967,183.1463
154_Aiobahn and Yunomi feat nicamoq ‚Äì Makuramoto ni Ghost Katomori Remix,-13.0731,-10.7899,"(0.0, -98.66)","(67.0, -7.2191)",1.2324,210.3582,211.5907
155_WINNER ‚Äì REALLY REALLY (Japanese vers),-13.9768,-9.93,"(0.0, -98.66)","(50.0, -6.0622)",0.8668,243.9628,244.8297
156_Rick Springfield ‚Äì Jessie‚Äôs Girl,-22.1991,-18.11,"(0.0, -90.87)","(110.0, -11.5612)",0.1559,195.0063,195.1622
157_Rita ‚Äì DORCHADAS [Shikkoku no Sharnoth Opening],-14.4528,-11.98,"(0.0, -98.66)","(62.0, -8.5768)",0.595,277.7531,278.3481
158_Girls‚Äô Generation (SNSD) ‚Äì All Night,-13.6191,-10.15,"(1.0, -98.6467)","(53.0, -4.5189)",0.476,230.9909,231.467
159_Hacking to the Gate [iDOLM@STER Soundtrack] ‚Äì Ranko Kanzaki,-17.9764,-13.99,"(4.0, -91.0775)","(117.0, -11.3206)",5.3542,127.6602,133.0144
160_Blind Guardian ‚Äì Road of No Release,-15.4042,-13.13,"(127.0, -75.7303)","(89.0, -8.5015)",0.0,390.8357,390.8357
161_PSYQUI ‚Äì Education,-11.7542,-8.98,"(1.0, -98.8091)","(12.0, -4.6756)",2.076,224.9207,226.9968
162_[Extra Sensory] Hayako ‚Äì Analys,-14.841,-11.55,"(0.0, -88.48)","(111.0, -8.837)",3.6124,125.3385,128.9509
163_[FUTURE FUNK PACK] Windy Summer (Night Tempo 100 Pure Remastered),-19.047,-16.2399,"(0.0, -98.17)","(25.0, -12.2346)",0.1259,200.4465,200.5725
164_[FUTURE FUNK PACK] Remember Summer Days (MACROSS 82-99 Short Ver),-14.7759,-12.35,"(0.0, -98.65)","(100.0, -6.6953)",3.3588,262.6595,266.0183
165_EveryBody -Shirakami Fubuki,-14.655,-11.6,"(0.0, -69.74)","(111.0, -5.5481)",0.593,91.6351,92.2282
166_Windows XP Startup,-20.891,-15.92,"(0.0, -92.69)","(71.0, -6.8723)",0.2331,7.348,7.5812
167_Seven Lions ‚Äì Silent Skies (ft Karra)  [Chroma RGB],-15.0586,-12.07,"(0.0, -98.66)","(89.0, -5.7467)",5.3876,241.7873,247.1749
168_cYsmix ‚Äì Peer Gynt (Chroma 20),-11.9911,-9.91,"(0.0, -92.98)","(10.0, -6.3004)",0.2495,140.6708,140.9204
169_Blossom ‚Äì Synthion,-11.2076,-9.22,"(0.0, -98.66)","(96.0, -4.33)",1.69,217.1565,218.8466
170_Give Me a Nightmare ‚Äì Alice Schach and the Magic Orchestra,-21.3755,-14.3,"(114.0, -98.75)","(81.0, -9.645)",4.5934,181.3392,185.9327
171_Chili Corn Carne ‚Äì The Real Group,-17.1742,-14.11,"(2.0, -96.2335)","(127.0, -10.2371)",5.6135,200.683,206.2966
172_Kodachrome ‚Äì Paul Simon [Chroma],-20.4172,-16.4899,"(0.0, -98.13)","(45.0, -11.8781)",0.3911,214.9946,215.3857
173_[FUTURE FUNK PACK] Disco Lady ‚Äì Nanidato,-12.4096,-10.27,"(0.0, -98.66)","(69.0, -6.5629)",0.0827,188.4153,188.4981
174_[FUTURE FUNK PACK] Shiawase No Monosashi (VANTAGE  Short Ver),-8.9515,-8.55,"(1.0, -28.9734)","(17.0, -5.9111)",2.8965,297.0926,299.9891
175_Bohemian Rhapsody ‚Äì Queen,-22.7564,-16.77,"(0.0, -98.44)","(57.0, -10.1375)",2.0461,357.4092,359.4554
176_kanaria ‚Äì KING,-15.8871,-14.17,"(0.0, -73.62)","(56.0, -10.9281)",1.8201,133.0631,134.8832
177_Ventura Highway ‚Äì America,-13.6619,-11.2,"(0.0, -98.61)","(47.0, -7.8999)",0.7336,210.9136,211.6473
178_Boulevard of Broken Dreams (Nightcore),-13.0421,-11.23,"(0.0, -98.66)","(63.0, -8.0391)",0.169,217.5981,217.7672
179_Laur ‚Äì Metamorphose,-9.3713,-6.62,"(1.0, -98.7)","(53.0, -2.4262)",3.2748,146.783,150.0578
180_Azazal & Said ‚Äì I Said Meow,-11.823,-9.85,"(0.0, -96.15)","(89.0, -4.7875)",1.1274,215.8848,217.0122
181_Trifect ‚Äì Neverland (Short Ver),-14.1322,-11.11,"(0.0, -95.54)","(51.0, -7.3975)",0.0775,176.9499,177.0274
182_Geoxor ‚Äì Gloom [Wallmap] V2,-17.1538,-9.65,"(32.0, -75.075)","(87.0, -5.2753)",0.1123,165.0254,165.1378
183_[FUTURE FUNK PACK] Shiawase No Monosashi (VANTAGE  Short Ver),-8.9515,-8.55,"(1.0, -28.9734)","(17.0, -5.9111)",2.8965,297.0926,299.9891
184_[FUTURE FUNK PACK] You Look So Good ‚Äì Moe Shop,-15.9208,-12.76,"(0.0, -98.37)","(87.0, -8.7586)",0.5421,202.4684,203.0106
185_[FUTURE FUNK PACK] Idolstep Dreaming ‚Äì Mikazuki BIGWAVE,-14.7023,-11.34,"(0.0, -98.66)","(86.0, -6.1128)",0.1348,217.9807,218.1155
186_[FUTURE FUNK PACK] September ‚Äì Tenma Tenma,-11.2353,-9.36,"(0.0, -98.02)","(60.0, -4.4628)",0.2115,236.8395,237.051
187_Elektronomia ‚Äì Summer Vibes,-10.3563,-8.81,"(127.0, -40.3481)","(104.0, -4.9737)",0.0217,298.9921,299.0139
188_Skrillex ‚Äì Fuji Opener (Virtual Riot & Xomega Remix),-15.8901,-14.26,"(0.0, -93.97)","(50.0, -8.1012)",0.8253,116.2834,117.1087
189_[FUTURE FUNK PACK] Megumi no Hito (Night Tempo Showa Groove Mix),-15.9871,-13.76,"(0.0, -95.02)","(41.0, -9.6758)",0.1467,237.6593,237.806
190_Twice ‚Äì LIKEY,-13.0402,-10.03,"(124.0, -88.225)","(48.0, -6.3)",0.1729,221.2743,221.4472
191_Starlight ‚Äì B3LLA (feat Reichuu),-12.2955,-10.08,"(0.0, -48.32)","(49.0, -4.5856)",4.9032,181.8997,186.803
192_Laur ‚Äì Metamorphose,-9.3713,-6.62,"(1.0, -98.7)","(53.0, -2.4262)",3.2748,146.783,150.0578
193_Don‚Äôt Stop ‚Äì KUURO,-12.1651,-9.53,"(0.0, -98.66)","(33.0, -3.335)",3.9805,162.6908,166.6713
194_[Extra Sensory] LeaF ‚Äì Doppelganger,-13.2514,-10.5399,"(0.0, -98.67)","(110.0, -6.8309)",0.5058,266.0001,266.5059
195_City Lights (somunia nyankobrq Remix),-13.7328,-11.47,"(0.0, -98.66)","(108.0, -8.3025)",0.566,213.4628,214.0288
196_Coffin Dance (Camellia Remix),-10.4861,-8.81,"(127.0, -66.3612)","(49.0, -6.0057)",0.4796,169.7099,170.1895
197_Knife Party ‚Äì Bonfire,-9.8427,-8.24,"(127.0, -44.2975)","(87.0, -3.9754)",0.0364,272.0535,272.0899
198_[FUTURE FUNK PACK] Tokyo Chopp ft Shiki(TMNS) (Moe Shop Remix),-13.6104,-10.44,"(127.0, -79.4845)","(106.0, -3.8184)",0.1952,186.4917,186.6869
199_Precious Summer !,-12.6336,-10.68,"(0.0, -98.66)","(52.0, -6.8362)",0.2817,246.6377,246.9195
200_Dream X Scramble,-12.2162,-10.69,"(0.0, -81.85)","(90.0, -8.11)",0.5028,99.5736,100.0765
201_DenporuP ‚Äì World on Color ‚Äì feat Hatsune Miku,-14.1337,-11.0399,"(0.0, -98.68)","(51.0, -5.7295)",1.1168,218.926,220.0428
202_The Spectre ‚Äì Wallmap,-17.576,-10.6,"(126.0, -98.7253)","(113.0, -5.4304)",1.068,205.2053,206.2734
203_Matrix & Futurebound ‚Äì Control (ft Max Marshall),-10.865,-9.02,"(0.0, -98.67)","(39.0, -4.606)",2.7978,226.5441,229.342
204_KDA ‚Äì THE BADDEST ft (G)I-DLE Bea Miller Wolftyla,-15.8117,-11.6199,"(120.0, -93.25)","(103.0, -7.0218)",0.0946,174.9943,175.089
205_yasuoP ‚Äì Electric Angel„Åà„Çå„Åè„Å®„Çä„Å£„Åè„Éª„Åà„Çì„Åó„Çô„Åá„ÅÖ ‚Äì Kagamine Rin Kagamine Ren ‚Äì ArrangeCover „ÄêWall Map„Äë(Fixed),-11.0166,-8.64,"(0.0, -98.66)","(20.0, -5.925)",0.6142,191.0537,191.668
206_THE BADDEST (ft (G)I-DLE Bea Miller Wolftyla) ‚Äì KDA,-15.8117,-11.6199,"(120.0, -93.25)","(103.0, -7.0218)",0.0946,174.9943,175.089
207_Gonna Get Funky ‚Äì GRiZ,-11.1588,-7.27,"(127.0, -64.8912)","(42.0, -2.8596)",0.0497,211.332,211.3817
208_Lost It ‚Äì Virtual Riot ft Pearl Andersson,-13.7684,-10.05,"(0.0, -98.66)","(104.0, -5.2531)",0.0864,184.0583,184.1447
209_[Jubeat] „Å∏„Çö„ÅÆ„Çå„Çä- Fairy Fair [WallMap],-17.4848,-11.96,"(127.0, -93.7308)","(21.0, -7.4888)",1.4853,133.526,135.0113
210_Danny Elfman ‚Äì This Is Halloween,-19.8007,-17.46,"(0.0, -97.34)","(57.0, -11.28)",0.4682,199.257,199.7253
211_Donkey Donk ‚Äì Ryu‚òÜ,-11.3422,-8.36,"(0.0, -98.66)","(61.0, -4.5587)",0.5397,261.9724,262.5121
212_Kobaryo ‚Äì Theme for Psychopath Justice,-15.4827,-10.13,"(0.0, -98.66)","(65.0, -5.679)",1.2591,134.8203,136.0794
213_164 ‚Äì Â§©„ÉéÂº± featGUMI„ÄêBEGINNER„Äë,-14.5437,-11.49,"(0.0, -98.58)","(96.0, -7.65)",4.4963,188.4135,192.9099
214_DECO27 ‚Äì Ghost Rule feat Hatsune Miku„ÄêBEGINNER„Äë,-12.4446,-10.11,"(0.0, -98.66)","(103.0, -6.1896)",0.1089,206.2805,206.3895
215_Henry Stickman distraction dance for 1 minute.,-13.8614,-10.43,"(36.0, -39.2037)","(10.0, -6.4568)",0.0435,60.0729,60.1164
216_DECO27 ‚Äì HIBANA feat Hatsune Miku„ÄêBEGINNER„Äë,-12.2176,-10.56,"(0.0, -98.66)","(53.0, -7.4646)",0.2296,202.6648,202.8945
217_Highway to Hell ‚Äì ACDC,-16.3796,-13.74,"(0.0, -67.16)","(59.0, -9.9932)",0.1744,206.8764,207.0508
218_Hirahashi Book Store ‚Äì Network „ÄêWall Map„Äë(Fixed),-14.9086,-12.1199,"(0.0, -80.88)","(35.0, -6.4028)",1.6304,192.509,194.1395
219_Boogie Back [Dragon Ball Super 8th Ending] ‚Äì Miyu Inoue,-13.0476,-10.84,"(0.0, -98.66)","(73.0, -6.6781)",1.3469,202.6973,204.0442
220_MARETU ‚Äì Venom (MARETU Remix),-11.6295,-9.97,"(0.0, -97.3)","(65.0, -7.6175)",3.9368,198.2498,202.1866
221_Vengaboys ‚Äì Boom Boom Boom Boom!! (Prezioso Alyon & Mylian Bootleg),-11.5226,-9.7899,"(127.0, -51.1853)","(47.0, -5.1428)",0.0461,179.5968,179.643
222_[Alphabeat ‚Äì Marshmello Pack] Anne-Marie & Marshmello ‚Äì FRIENDS,-12.9061,-10.32,"(127.0, -98.8287)","(35.0, -4.8067)",1.1443,204.386,205.5303
223_[Alphabeat ‚Äì Marshmello Pack] Crankdat & Marshmello ‚Äì Falling To Pieces,-15.3729,-9.26,"(126.0, -98.7012)","(46.0, -5.0203)",0.0594,173.9382,173.9976
224_[Alphabeat ‚Äì Marshmello Pack] Marshmello x Selena Gomez ‚Äì Wolves,-15.5811,-13.0,"(0.0, -98.66)","(102.0, -6.1575)",0.4713,196.6413,197.1127
225_Uruha Rushia ‚Äì Ghost In A Flower (cover),-22.1269,-17.01,"(0.0, -96.41)","(83.0, -11.4949)",5.4371,242.3071,247.7442
226_[Alphabeat ‚Äì Marshmello Pack] A Day To Remember & Marshmello ‚Äì Rescue Me,-10.0709,-8.92,"(0.0, -34.35)","(76.0, -3.1343)",0.0539,239.0404,239.0944
227_Tsukiakari no Michishirube (TV Size) [Darker than Black Ryuusei no Gemini Opening] ‚Äì Stereopony,-14.2279,-12.01,"(0.0, -98.66)","(114.0, -6.4923)",0.9743,234.3351,235.3095
228_Kienai Kizuna Hatsune Miku,-13.3395,-11.4,"(0.0, -98.66)","(121.0, -8.2099)",0.8963,224.1035,224.9999
229_[Alphabeat ‚Äì Marshmello Pack] Marshmello ‚Äì Summer,-12.7065,-9.07,"(0.0, -95.3)","(117.0, -5.3625)",0.0608,170.1751,170.236
230_[Alphabeat ‚Äì Marshmello Pack] Marshmello & Halsey ‚Äì Be Kind,-14.6026,-11.52,"(0.0, -98.66)","(57.0, -5.4483)",1.1834,172.0014,173.1849
231_Franky Nuts ‚Äì Lose Control (ft Danyka Nadeau),-11.7186,-9.66,"(0.0, -98.68)","(57.0, -5.2352)",1.2257,223.0663,224.292
232_Brand-new World [The Asterisk War Opening] ‚Äì Shiena Nishizawa,-13.6908,-12.15,"(99.0, -38.5749)","(96.0, -8.5574)",2.1201,243.3365,245.4566
233_Kamisama Neji Maki (Wind-Up God) ‚Äì Kemu ft Gumi,-15.312,-13.0,"(0.0, -81.83)","(46.0, -9.1843)",1.5659,224.5837,226.1496
234_Your Reality ‚Äì Doki Doki Literature Club,-25.2378,-21.92,"(127.0, -64.5146)","(106.0, -14.8998)",0.034,181.6494,181.6834
235_kemu ‚Äì Roku Chounen to Ichiya Monogatari„ÄêBEGINNER„Äë,-15.428,-11.2899,"(0.0, -98.66)","(89.0, -6.095)",2.0422,218.0934,220.1357
236_Marshmello x Ookay ‚Äì Chasing Colors (ft Noah Cyrus),-11.3567,-9.47,"(0.0, -68.4)","(72.0, -5.9875)",0.0578,193.5606,193.6185
237_Tokyo Machine ‚Äì PAUSE,-11.4121,-8.02,"(21.0, -85.1778)","(122.0, -3.34)",0.0229,184.0057,184.0286
238_Gurenge [227 Soundtrack] ‚Äì Reika Sato,-17.3625,-13.23,"(0.0, -98.66)","(86.0, -7.9446)",1.8413,92.407,94.2483
239_Kano ‚Äì Nadamesukashi Negotiation [Uzaki-chan Wants to Hang Out! Opening],-20.7606,-12.56,"(0.0, -97.06)","(66.0, -8.8074)",0.5614,278.8428,279.4042
240_YUNGBLUD Halsey ‚Äì 11 Minutes ft Travis Barker,-15.9528,-11.5399,"(0.0, -98.66)","(19.0, -6.7565)",0.6894,234.5965,235.2859
241_Sweet Arms ‚Äì I Swear (TV Size)  Date A Live 3 Opening,-15.7062,-10.9,"(0.0, -98.66)","(34.0, -7.4656)",0.8497,338.0096,338.8593
242_[NoodleGames Vol2] Rivers in the Desert ‚Äì Persona 5,-15.9084,-13.63,"(0.0, -98.61)","(17.0, -8.2739)",0.5943,310.401,310.9953
243_[NoodleGames Vol2] Martin O‚ÄôDonnell and Michael Salvatori ‚Äì Rain,-24.3143,-19.34,"(0.0, -91.87)","(92.0, -9.5025)",0.3843,185.9198,186.3042
244_[NoodleGames Vol2] Weight of the World Kowaretasekainouta ‚Äì NieR Automata,-17.8623,-14.76,"(0.0, -98.61)","(53.0, -8.0132)",0.9075,339.1592,340.0667
245_[90¬∞ One Saber demo] Sherlock Opening,-16.828,-12.91,"(0.0, -57.85)","(39.0, -9.3271)",3.2337,55.3142,58.548
246_[NoodleGames Vol2] Last Surprise ‚Äì Persona 5,-15.6636,-12.89,"(0.0, -98.18)","(37.0, -8.982)",0.6004,235.2552,235.8556
247_Vitality,-15.3221,-12.65,"(0.0, -96.88)","(18.0, -8.19)",0.0569,226.9398,226.9968
248_[NoodleGames Vol2] Wake Up Get Up Get Out There ‚Äì Persona 5,-17.3243,-13.91,"(0.0, -98.56)","(102.0, -9.6759)",0.5791,277.6528,278.232
249_Tetris 99 Megamix,-12.8435,-11.7899,"(0.0, -97.59)","(21.0, -9.1062)",0.9279,291.8862,292.8141
250_KRUSTY KRAB PIZZA,-26.5001,-22.82,"(29.0, -62.2367)","(16.0, -14.7287)",0.6114,306.8425,307.4539
251_Harujion ‚Äì YOASOBI,-13.9564,-9.6199,"(0.0, -98.66)","(117.0, -5.7237)",2.0102,202.1733,204.1836
252_‰∏çÂèØÂπ∏Âäõ,-14.5502,-11.21,"(127.0, -98.7653)","(57.0, -6.1232)",0.0998,200.9138,201.0136
253_Let‚Äôs Get Real (RWBY Volume 7 Soundtrack) ‚Äì Jeff Williams ft Casey Lee Williams & Erin Reilly,-13.7665,-12.31,"(0.0, -98.3)","(50.0, -8.4153)",0.1078,221.0375,221.1453
254_[NoodleGames Vol2] Louise Penman ‚Äì Baptism of Fire (CliqTrack remix),-12.4654,-11.07,"(127.0, -67.0199)","(116.0, -7.3584)",0.0017,172.8331,172.8348
255_[NoodleGames Vol2] A Hat In Time & Plasma3Music ‚Äì Trainwreck Of Electro Swing,-13.2677,-10.25,"(127.0, -37.1111)","(114.0, -5.4525)",0.0294,247.4473,247.4768
256_KSHMR ‚Äì Over And Out,-16.4803,-11.48,"(127.0, -98.4841)","(49.0, -4.4923)",0.1933,185.0659,185.2593
257_chocolate box (watakana cover),-12.0371,-10.49,"(0.0, -98.66)","(102.0, -7.5018)",1.3077,232.7831,234.0909
258_Sheep In The Light,-13.0046,-9.56,"(0.0, -98.66)","(18.0, -4.8518)",1.7685,196.7261,198.4947
259_[NoodleGames Vol2] League of Legends ‚Äì RISE (ft The Glitch Mob Mako and The Word Alive),-14.9788,-12.49,"(125.0, -45.4316)","(60.0, -7.2653)",5.7295,204.4216,210.1511
260_[NoodleGames Vol2] C418 ‚Äì Sweden,-29.2245,-20.2,"(0.0, -91.03)","(56.0, -9.7411)",1.1324,214.5218,215.6542
261_[NoodleGames Vol2] Bryan Tyler ‚Äì Pyrates Beware ‚Äì Assassin‚Äôs Creed IV Black Flag OST,-19.521,-15.88,"(127.0, -95.1288)","(85.0, -11.3311)",0.1963,198.1125,198.3089
262_NULCTRL (Meiso FLIP),-10.9705,-8.1199,"(127.0, -98.7266)","(52.0, -4.8615)",0.4508,214.2625,214.7134
263_Din Don Dan (Extended Mix),-12.8828,-10.22,"(0.0, -98.66)","(51.0, -5.7551)",0.6938,210.6415,211.3353
264_[KSHMR Pack] KSHMR x Marnik ‚Äì Mandala (ft Mitaka),-12.4091,-10.11,"(127.0, -44.5459)","(111.0, -5.3826)",0.0036,177.8717,177.8753
265_Kasai Harcores ‚Äì Drop The Fire,-11.3646,-9.64,"(0.0, -81.28)","(97.0, -5.7904)",1.2566,235.3187,236.5754
266_[KSHMR Pack] KSHMR x Marnik ‚Äì Bazaar,-13.5402,-10.93,"(0.0, -98.66)","(110.0, -5.18)",0.4395,202.9313,203.3709
267_Better Now ‚Äì Post Malone,-13.7848,-10.0399,"(0.0, -98.66)","(54.0, -5.8318)",0.1153,231.2003,231.3157
268_Avalanche,-9.3713,-7.33,"(0.0, -98.65)","(106.0, -3.6851)",2.282,118.4835,120.7655
269_Sword Art Online Opening Compilation 2,-13.9751,-12.34,"(0.0, -97.33)","(42.0, -9.5106)",0.5137,256.054,256.5678
270_Moglii  Tonic Water (Snocker Cot Remix)  Chroma 20,-16.9177,-12.75,"(0.0, -98.64)","(110.0, -4.5912)",3.6543,137.0339,140.6882
271_Kasai Harcores ‚Äì Drop The Fire,-11.3646,-9.64,"(0.0, -81.28)","(97.0, -5.7904)",1.2566,235.3187,236.5754
272_Dazzling White Town [Love Live! Soundtrack] ‚Äì Saint Snow,-24.1157,-19.2399,"(0.0, -95.3199)","(17.0, -12.0803)",2.171,139.992,142.1631
273_Calliope Mori ‚Äì Excuse My Rudeness But Could You Please RIP,-15.5912,-12.9,"(0.0, -98.04)","(97.0, -8.3049)",3.9151,188.1475,192.0627
274_Rail Romanesque ‚Äì MItuki Nakae [„Åæ„ÅÑ„Å¶„Å§] „É¨„Ç§„É´„É≠„Éû„Éç„Çπ„ÇØ,-15.6228,-11.94,"(0.0, -98.67)","(61.0, -8.1719)",0.9321,96.6485,97.5807
275_bonk,-25.1651,-13.92,"(124.0, -95.9143)","(9.0, -3.9032)",0.09,59.9088,59.9989
276_FOOL & SKUM ‚Äì Hysteria (v2),-11.7022,-9.7899,"(0.0, -51.67)","(108.0, -3.1962)",2.1376,212.2626,214.4003
277_‚ÄúOnly Us‚Äù featuring Laura Dreyfuss and Ben Platt  DEAR EVAN HANSEN,-16.9497,-13.85,"(0.0, -64.66)","(81.0, -6.8381)",0.0612,223.8593,223.9205
278_FINAL FANTASY XVI ‚Äì Awakening (Alex Moukala Mix),-15.3257,-14.49,"(127.0, -41.6482)","(7.0, -8.6344)",0.6715,70.2759,70.9475
279_[KSHMR Pack] KSHMR ‚Äì Wildcard (ft Sidnie Tipton),-11.7986,-10.43,"(0.0, -58.69)","(106.0, -4.6083)",1.4041,187.5351,188.9393
280_DAOKO √ó Á±≥Ê¥•ÁéÑÂ∏´ ‚Äì Êâì‰∏äËä±ÁÅ´ feat96Áå´ & Â§©Êúà,-17.3755,-12.1,"(127.0, -97.1687)","(75.0, -7.7775)",0.1508,293.0924,293.2433
281_[KSHMR Pack] KSHMR x Firebeatz ‚Äì No Heroes (ft Luciana),-14.4436,-12.14,"(0.0, -77.47)","(104.0, -7.155)",0.4815,156.9834,157.465
282_‚ÄúOnly Us‚Äù featuring Laura Dreyfuss and Ben Platt  DEAR EVAN HANSEN,-16.9497,-13.85,"(0.0, -64.66)","(81.0, -6.8381)",0.0612,223.8593,223.9205
283_„Åü„Çô„Çì„Åü„Çô„ÇìÈ´ò„Åè„Å™„Çã (Getting Higher and Higher) ‚Äì 40meterP feat Hastune Miku [Noodle Extensions],-11.2862,-8.7899,"(0.0, -98.64)","(75.0, -5.9625)",2.4926,143.3159,145.8086
284_Have You Ever Had a Dream (Metal Remix),-20.5212,-11.2899,"(1.0, -98.6604)","(77.0, -5.2003)",1.0517,20.5645,21.6163
285_Avalanche,-18.2442,-14.2,"(0.0, -40.97)","(49.0, -5.876)",0.1043,202.7901,202.8945
286_Mirror [227 Soundtrack] ‚Äì Sakura Fujima,-14.4815,-10.07,"(0.0, -98.66)","(87.0, -6.1724)",5.016,273.0302,278.0462
287_I made a shark sound MAD ‚Äì IOSYS,-13.3862,-10.91,"(0.0, -96.53)","(72.0, -8.2125)",1.4122,55.1621,56.5743
288_Calliope Mori ‚Äì Excuse My Rudeness But Could You Please RIP,-16.5114,-12.82,"(127.0, -97.7332)","(76.0, -8.5559)",0.1158,188.1355,188.2513
289_September Eurobeat Remix,-14.9095,-12.28,"(0.0, -98.58)","(29.0, -9.7236)",2.468,199.8347,202.3027
290_Rising Hope [227 Soundtrack] ‚Äì Reika Sato,-16.6634,-13.1,"(0.0, -98.48)","(32.0, -9.0)",2.3997,93.8222,96.222
291_Chocolate (Choco Choco) ‚Äì Soul Control,-15.8248,-15.11,"(92.0, -31.6865)","(103.0, -12.1375)",0.002,178.7669,178.7689
292_Grilletto [227 Soundtrack] ‚Äì Yuki Tojo,-14.0834,-11.81,"(0.0, -98.66)","(71.0, -8.6744)",0.9234,264.0147,264.9382
293_John Mayer ‚Äì New Light,-16.8626,-11.36,"(0.0, -98.56)","(43.0, -5.0492)",5.4553,221.7848,227.2402
294_Hall Of The Mountain King ‚Äì Apocalyptica,-15.4053,-12.31,"(0.0, -98.66)","(2.0, -8.6123)",0.4331,208.5914,209.0245
295_PSYQUIV & K feat DJKatsuya,-14.692,-9.69,"(0.0, -98.66)","(45.0, -3.3568)",0.088,335.9385,336.0265
296_Hana ranman -Flowers- ‚Äì TERRA,-12.479,-10.5,"(0.0, -98.66)","(9.0, -7.8798)",0.1364,103.7137,103.8501
297_Disturbia ‚Äì Rihanna,-17.065,-14.15,"(0.0, -89.7)","(33.0, -9.6003)",1.3034,260.0589,261.3623
298_Fuyu no Hanashi [Given OST] ‚Äì Given,-12.3202,-11.19,"(0.0, -91.8199)","(65.0, -8.1692)",0.9375,205.4983,206.4359
299_Shawn Mendes Zedd ‚Äì Lost In Japan,-16.6385,-10.2899,"(0.0, -98.66)","(66.0, -3.95)",1.9355,202.863,204.7985
300_Ryllz ‚Äì Nemesis V12,-17.3504,-9.72,"(0.0, -98.69)","(31.0, -2.6687)",0.0851,160.8973,160.9824
301_BON VOYAGE! (TV Size) [One Piece 4th Opening] ‚Äì Bon-Bon Blanco,-18.8155,-16.04,"(0.0, -98.31)","(45.0, -12.2978)",4.0436,106.4122,110.4558
