,Title,Score
312,Heuse & Zeus x Crona - Pill (feat Emma Sameth) [NCS Release]_542,1.0
696,THANK YOU! ♥️_498,0.9490385842564342
478,Main Reaktor - Awakening [NCS Release]_703,0.9120459719953415
770,Venemy Ft Emily Jane - Heartbeat [NCS Release]_764,0.8885732685214791
726,Tom Wilson - Until I Die (feat joegarratt) [NCS Official Video]_198,0.8672129775138084
313,Heuse - Stones (feat Chris Linton & Emma Sameth) [NCS Release]_518,0.8637175876606544
546,NIVIRO - The Ghost [NCS Official Video]_486,0.8467046111569654
663,SKYL1NK - The Wizard [NCS Release]_568,0.8458084220868953
531,NCS Reloaded Behind The Scenes_215,0.8398337295971438
772,Vexento - Masked Raver [NCS Release]_551,0.8366134258463855
381,Jonny Koch & Annie Sollange - LOVE ME [NCS Release]_97,0.8304057652925466
42,Anikdote - Which Direction [NCS Release]_639,0.8254135039018112
28,Alan Walker - Force [NCS Release]_697,0.8235063446049296
585,Rameses B - Cant Let You Go (feat Florenza) [NCS Release]_66,0.8167025666947185
96,Blooom & GhostnGhost - Desire [NCS Release]_190,0.8156897679842923
784,WATEVA - Ping Pong Party [NCS Release]_288,0.8154814561503657
413,Kontinuum - First Rain [NCS Release]_672,0.8151131394471673
144,Culture Code - Feel Again (feat Harley Bird) [NCS Release]_363,0.8130193178073865
139,Cormak - Flavors [NCS Release]_669,0.8081095671218579
309,Heuse & Chris Linton - Reactive [NCS Release]_301,0.7984023692658191
482,Malik Bash - Ghosts [NCS Release]_471,0.7979110548614584
396,K-391 - Everybody [NCS Release]_705,0.7952018642248566
282,floatinurboat - Spirit of Things [NCS Release]_530,0.784935230924844
323,InfiNoise - Bring me back to life (Feat DNAKM) [NCS Release]_68,0.783046739484768
194,Disfigure - Hollah! [NCS Release]_719,0.7824498777065476
697,The Arcturians & hayve - Bit By Bit [NCS Release]_135,0.7784188491800725
222,Dropouts - Let Go [NCS Release]_759,0.7776747610891295
285,Foria - Break Away [NCS Release]_623,0.7754042885641198
395,K-391 - Earth [NCS Release]_602,0.7696428689134921
718,Tobu - Return To The Wild [NCS Release]_265,0.7674351510434639
154,David Bulla - Unexpected [NCS Release]_757,0.7665728355374859
136,Coopex & NEZZY - You And Me [NCS Release]_177,0.7652361244783888
578,Prismo - Hold On [NCS Official Video]_449,0.7591090267362577
609,RetroVision - Puzzle [NCS Release]_592,0.7588725077432376
614,Rival x Cadmium - In Your Head (feat Micah Martin) [NCS Release]_148,0.7570505432566418
207,Diviners - Stockholm Lights [NCS Release]_85,0.7554328492798178
484,Marin Hoxha & Caravn - Eternal [NCS Release]_60,0.7552064029604899
465,Linko - Goodbye [NCS Release]_19,0.7547086742690089
241,Electro-Light - Night Shines (feat Nathan Brumley) [NCS Uplifting Release]_724,0.7542414484188791
494,Max Brhon - Illusion [NCS Release]_95,0.7538240746872567
538,NIVIRO - Flashes [NCS Release]_220,0.7532465890589912
262,Ellis - Clear My Head (AFISHAL Drum Remix) [NCS Release]_168,0.7496647615589914
235,Electric Joy Ride - Origin [NCS Release]_790,0.7495854017870432
306,Halvorsen - Wouldnt Change It [NCS Release]_637,0.7492409833549561
330,Inukshuk - We Were Infinite [NCS Release]_595,0.7492072030659002
501,Mendum - Red Hands (feat Omri) [NCS Release]_584,0.7490225991542078
76,Axollo - Burn It [NCS Release]_391,0.7474823565990726
304,Halvorsen - CTRL Z [NCS Release]_123,0.7472028694377418
36,Andromedik - SHE [NCS Release]_115,0.7466084364030615
190,Disco’s Over - TSU [NCS Release]_448,0.7449899634387258
341,James Mercy - Take You On (ft PhiloSofie) [NCS Release]_26,0.7440160990163599
292,GALLIUM - All I Wanna [NCS Release]_36,0.7421812451481213
549,NIVIRO - The Return [NCS Official Video]_416,0.7390829786413496
419,Kovan & LaCrème - Miracle (feat Daimy Lotus) [NCS Release]_133,0.738540845981229
753,Uplink - Crying Over You [NCS Release]_500,0.7354527093245241
392,JPB - What I Want  [NCS Release]_119,0.7322786959979847
485,Marin Hoxha & Chris Linton - With You [NCS Release]_318,0.7321831112767018
793,WiDE AWAKE - Something More [NCS Release]_261,0.7278430168576401
242,Electro-Light - Symbolism [NCS Release]_727,0.7267101393412659
326,Inukshuk - Happy Accidents (Live Performance) [NCS Release]_515,0.725274590079913
77,Axollo - Moonstruck [NCS Release]_537,0.724184908977042
660,SirensCeol - Coming Home [NCS Release]_818,0.7226543247122005
453,Lensko - Circles [NCS Release]_742,0.7207801987409692
210,DM Galaxy - Bad Motives (feat Aloma Steele) [NCS Release]_750,0.720697673732468
479,Main Reaktor - Recession [NCS Release]_741,0.720297722482511
268,EMDI x RØGUENETHVN - Let Your Heartbreak (feat Leo the Kind) [NCS Release]_203,0.7202505574054581
662,Sk-Hall & Ludwiig - New Beginning [NCS Release]_167,0.7202085677284998
119,Cartoon - Your Stories (feat Koit Toome) [NCS Release]_419,0.7196553628732488
477,Main Reaktor - Alone [NCS Release]_736,0.7192896634550723
307,Heather Sommer & Uplink - Chance On Faith [NCS Release]_129,0.7143991187415243
16,Abandoned InfiNoise & Mendum  - See You at the End (feat Brenton Mattheus) [NCS Release]_13,0.7140744179635333
493,Max Brhon - Humanity [NCS Release]_180,0.7132512380162608
745,Unknown Brain - Superhero (feat Chris Linton) [NCS Release]_543,0.7122712858665493
17,Acejax feat Danilyon - By My Side [NCS Release]_291,0.7109033793928831
244,Electro-Light - The Ways (feat Aloma Steele) [NCS Release]_630,0.7068029322780236
406,Killercats - Tell Me (feat Alex Skrindo) [NCS Release]_606,0.7067864958146918
668,Spencer Maro - Starfire [NCS Release]_270,0.7056760792463845
496,Mekanism - Green Lights [NCS Release]_393,0.7055408038199205
802,Zaza - Be Together [NCS Release]_534,0.6993139255421056
427,Kozah - Travel Again [NCS Release]_321,0.6984616708774535
548,NIVIRO - The Labyrinth [NCS Release]_98,0.6983818538027526
270,Exert - Losing You (feat Janethan) [NCS Release]_737,0.6976376405928927
673,Stereotype - TOKYO 2099 [NCS Release]_51,0.697457489651817
461,LFZ - Echoes (Meikal Remix) [NCS Release]_415,0.69651518310383
74,Axol - Mars [NCS Release]_433,0.6964461486926871
138,Coopex - Over The Sun [NCS Release]_150,0.6962376401995586
527,Mynerva & Nytrix - Find You [NCS Release]_151,0.6961368404491579
757,Valcos - A New Light [NCS Release]_559,0.6960140995765046
562,Oneeva - Platform 9 [NCS Release]_470,0.6956934766578222
259,ElementD - Giving In (feat Mees Van Den Berg) [NCS Release]_455,0.6953064841632999
790,Weero - Mates [NCS Release]_359,0.6946393136915616
670,Spirix - Rampage Diet [NCS Release]_169,0.6941361675036862
754,Uplink - Still Need You (feat AWR) [NCS Release]_558,0.6932871240801515
407,Killercats - What I Said (feat Alex Skrindo) [NCS Release]_629,0.6922737002102798
554,Nomra - Your Body [NCS Release]_31,0.6920593528591713
490,Matthew Blake feat Katie Boyle - Saved Me Now [NCS Release]_805,0.6912587977268032
751,Uplink & Alex Skrindo - Me & You (feat Axol) [NCS Release]_397,0.6912574635895686
354,Jim Yosef & Valentina Franco - Chasing Dreams [NCS Release]_256,0.6908093750314684
277,Fareoh - Cloud Ten [NCS Release]_601,0.6907530166094058
414,Kontinuum - Lost (feat Savoi) [JJD Remix]  NCS Release_490,0.6907035990987805
114,Cartoon - Immortality (feat Kristel Aaslaid) [Futuristik Remix]  NCS Release_617,0.6902974587284512
32,Alex Skrindo & Stahl! - Moments [NCS Release]_686,0.6898355254181643
122,Catas & Kasger - Blueshift [NCS Release]_569,0.689665072061121
728,Umpire - Collins Ave [NCS Release]_685,0.6892997367740337
160,Deflo & Lliam Taylor - Reflections [NCS Release]_289,0.6883760103666604
245,Electro-Light - Throwback [NCS Release]_591,0.6868757518183993
70,Axol & Hoober - How We Do It (ft Marvin Divine) [NCS Release]_107,0.6857351202649747
59,Ash OConnor - Vibe [NCS Release]_665,0.684118876068938
260,Elliot Berger - Hold On (feat Ranja) [NCS Release]_758,0.6839134868105043
582,Raiko - Lightning Child (feat Remi Willow) [NCS Release]_179,0.6827316410204941
454,Lensko - Lets Go! [NCS Release]_723,0.6793047896974811
320,HYLO - Paradise ft Akacia [NCS Release]_365,0.6784022089875342
102,bvd kult - VIP [NCS Release]_452,0.6783334590895251
0,2 Souls - Lonely (ft Nara) [NCS Release]_82,0.678192753817167
311,Heuse & WOLFHOWL & Riell - Daylight [NCS Release]_37,0.6779576213014371
60,Ash OConnor - You [NCS Release]_677,0.6768940188477257
14,3rd Prototype - Together [NCS Release]_482,0.6768371429749815
266,EMDI - Hurts Like This (feat Veronica Bravo) [NCS Release]_158,0.6765956632197706
302,Halcyon - Runaway (feat Valentina Franco) [NCS Release]_427,0.6764593423100602
656,Simon Says! - one more time (feat Devonte) [NCS Release]_106,0.6754110078296182
173,Diamond Eyes - Hold On [NCS Release]_255,0.6752360063258956
581,Prismo - Weakness [NCS Release]_499,0.6746853091423586
314,Heuse - That Night (Feat Austin Salter) [NCS Release]_142,0.6742281641810602
532,NCT x T & Sugah - Along The Road (feat Voicians) [NCS Release]_586,0.6741181330229102
146,Culture Code - Make Me Move (feat Karra) [NCS Release]_535,0.6740921672192094
124,Chime & Adam Tell - Whole [NCS Release]_561,0.6738207051493382
503,Mendum - Stay With Me (Krys Talk Remix) [NCS Release]_731,0.6731158723008411
299,Halcyon & Starlyte - Escape With Me (feat Charlotte Haining) [NCS Release]_554,0.6714317411279301
547,NIVIRO - The Guardian Of Angels [NCS Release]_394,0.6711960389104933
297,Glude - Dreamers [NCS Release]_325,0.6710120741403278
579,Prismo - Stronger (Raiko Remix) [NCS Release]_246,0.6701616814763448
514,Midranger - Unrequited (feat Holly Drummond) [NCS Release]_132,0.6694064856306623
6,3rd Prototype - Blue [NCS Release]_157,0.6691441900979482
46,Anna Yvette & AFK - Clouds [NCS Release]_525,0.669116377532367
448,Leateq & Aleksei & ELEX - They Watchin Me (FeatWill Wes) [NCS Release]_54,0.6690078657880393
564,PatrickReza - Choices [NCS Release]_174,0.6683810889097636
258,ElementD - Fallin (feat Micah Martin) [NCS Release]_549,0.6674097813181614
364,Jim Yosef - Lights [NCS Release]_691,0.6662966232061805
567,Paul Flint - Sock It To Them [NCS Release]_504,0.6661031442397214
324,InfiNoise - Sunlight (Feat Nilka) [NCS Release]_140,0.6654058410527868
457,Lensko - Titsepoken 2015 [NCS Release]_704,0.6650822017466875
398,Kaivon - First Love (feat Pauline Herr) [NCS Release]_238,0.6648476403798799
777,Warptech - Last Summer [NCS Release]_799,0.6641270643237446
800,Y&V - Falling Up [NCS Release]_517,0.6629635827518647
203,Distrion - Chasing Ghosts (feat Max Landry) [NCS Release]_211,0.6620199073250841
273,ÉWN - Feels [NCS Release]_564,0.659577522387401
492,Max Brhon - Cyberpunk [NCS Release]_159,0.6588531841960181
91,Besomorph & Coopex - Redemption (ft Riell) [NCS Release]_191,0.65855126969487
459,Levianth & Acejax - Real Love [NCS Release]_84,0.6581996368787768
437,LarsM & Side-B ft Aloma Steele - Over (Dropouts Remix) [NCS Release]_745,0.6577313452391931
204,Diviners - Escape (feat Rossy) [NCS Release]_197,0.6574392217592082
480,Main Reaktor - Salvation [NCS Release]_773,0.6574391171938352
439,LarsM - Lovers [NCS Release]_717,0.6564908168473295
2,32Stitches - Olympus [NCS Release]_176,0.6556154706678619
499,Mendum - Elysium [NCS Release]_658,0.6548747632412826
180,Different Heaven - Nekozilla [NCS Release]_660,0.6548164039548762
472,Lost Sky - Where We Started (feat Jex) [NCS Release]_138,0.6539645074641329
443,Laszlo - Fall To Light [NCS Release]_798,0.6539449927568324
13,3rd Prototype - Shadows [NCS Release]_237,0.6537198745658724
388,JPB - Get Over You (feat Valentina Franco) [NCS Release]_370,0.6536745238469296
333,Itro - Panda [NCS Release]_730,0.6533762913502703
232,Egzod - Paper Crowns ft Leo The Kind (Nurko Remix) [NCS Release]_353,0.6532140523321865
716,Tobu - Life [NCS Release]_772,0.6531623701870537
86,Beatcore & Ashley Apollodor - Everyday [NCS Release]_127,0.6529449919609497
231,Egzod - Paper Crowns (feat Leo The Kind) [NCS Release]_480,0.6529337801219794
340,Jagsy & Tom Wilson - All My Love (ft braev) [NCS Release]_28,0.6526709510297882
283,Floatinurboat x Chris Linton - Holding On [NCS Release]_345,0.6526623468578651
294,Geoxor - You & I [NCS Release]_547,0.6513738644349178
451,Lennart Schroot & Unknown Brain - Kuyenda (feat Sru) [NCS Release]_431,0.650954992327136
108,Cadmium X Paul Flint - A Strangers Dead [NCS Release]_112,0.6507984122487677
616,Rival x Cadmium - Seasons (feat Harley Bird) [NCS Release]_351,0.6507620779040404
412,Kontinuum - Aware [NCS Release]_683,0.6503362813643508
115,Cartoon - Immortality (feat Kristel Aaslaid) [NCS Release]_633,0.6499412914048129
193,Disfigure - Blank VIP (feat Tara Louise) [NCS Release]_628,0.6499371111772037
440,Last Heroes - Dimensions [NCS Release]_332,0.6497698324950043
659,SirensCeol & Reaktion ft The Eden Project - Let You Know [NCS Release]_787,0.6488952838532757
755,Uplink - To Myself (feat NK) [NCS Release]  Official Video_581,0.6485204317211763
789,Weero & Mitte - Our Dive [NCS Release]_272,0.6478785154680349
243,Electro-Light - Symbolism ptII [NCS Release]_308,0.647508122460736
370,JJD - Future [NCS Release]_512,0.6463509106522496
710,Tobu & Syndec - Dusk [NCS Release]_735,0.6462976688215759
491,Matthew Blake feat Tyler Fiore - Upside Down [NCS Release]_715,0.6450419713420095
200,Distrion & Electro-Light - Rubik [NCS Release]_712,0.6447636701174261
386,JPB - All Stops Now (feat Soundr) [NCS Release]_263,0.6444441828577443
196,Disfigure - Summer Tune [NCS Release]_804,0.6442415563611431
438,LarsM & Side-B ft Aloma Steele - Over [NCS Release]_765,0.6440169299365796
441,Last Heroes x TwoWorldsApart - Eclipse (feat AERYN) [NCS Release]_286,0.644009990335159
791,Whales & ggnoaa - Paranoia [NCS Release]_209,0.643540153232417
456,Lensko - Sarvagon 2015 [NCS Release]_713,0.6433808134944746
391,JPB - LONG NIGHT (feat Marvin Divine) [NCS Release]_0,0.6428944158083006
615,Rival x Cadmium - Seasons (feat Harley Bird) [Futuristik & Whogaux Remix] [NCS Release]_341,0.6427618752633941
54,Ascence - Konnichiwa [NCS Release]_221,0.6421573136312949
65,Au5 - Interstellar (feat Danyka Nadeau) [NCS Release]_50,0.6420035859276475
598,Raven & Kreyn x Moji x Illusion - Dream Forever [NCS Release]_358,0.6409210765540836
758,Valence - Infinite [NCS Release]_503,0.6407260890384716
780,Warriyo - Mortals (feat Laura Brehm) [NCS Release]_533,0.6402311503174474
256,ElementD & Chordinatez - Radiate (feat Mees Van Den Berg) [NCS Release]_383,0.6398045605919479
143,Culture Code - Fairytale (feat Amanda Collis)  [NCS Release]_146,0.6396576919838984
633,ROY KNOX & Shiah Maisel - Living With Regret [NCS Release]_53,0.63916382344106
358,Jim Yosef - Eclipse [NCS Release]_626,0.6390196107090002
779,Warptech ft Cory Friesenhan - Resolution [NCS Release]_806,0.6390078824576741
182,Different Heaven - Safe And Sound [NCS Release]_532,0.6382671538851885
15,Abandoned & InfiNoise - Night Caller (feat Project Nightfall) [NCS Release]_373,0.638177117935836
519,More Plastic - Power [NCS Release]_77,0.6375903329556553
765,Vena Cava - Noire [NCS Release]_752,0.6375846665325262
535,NIVIRO - Dancin [NCS Surround Release]_277,0.6374763098315686
64,Au5 - Closer (feat Danyka Nadeau) [NCS Release]_344,0.6373608366739459
8,3rd Prototype - Feel So Good [NCS Release]_298,0.6367480595579418
803,ZEST - You & Me [NCS Release]_716,0.6361603030272516
678,Subtact - Want You (feat Sara Skinner) [NCS Release]_278,0.6352230896026734
639,ROY KNOX x WTCHOUT - Shadows (Feat Svniivan) [NCS Release]_94,0.634687569962279
732,Unison - Translucent [NCS Release]_598,0.6338596825818126
316,Holly x Drivvin - Til The End [NCS Release]_493,0.6335451806677705
68,Audioscribe - Skyline [NCS Release]_814,0.6329951338730706
706,Time To Talk - Time To Talk ft Georgia Michel [NCS Release]_30,0.632912858002108
178,Different Heaven - Far Away [NCS Release]_624,0.6327345939152177
661,SirensCeol - Nostalgia [NCS Release]_708,0.6326999333038041
561,Omri - DisHonest [NCS Official Video]_240,0.6323852924408456
707,Tinoma - Find You [NCS Release]_63,0.6319658106267291
742,Unknown Brain - Saviour (feat Chris Linton) [NCS Official Video]_509,0.6314997551246608
455,Lensko - Rebirth [NCS Release]_513,0.6314989860508996
563,Our Psych - Purge [NCS Release]_404,0.631352139461199
362,Jim Yosef - Imagine [NCS Release]_369,0.6313357062854925
26,Aero Chord feat DDARK - Shootin Stars [NCS Release]_802,0.631019543690407
272,ÉWN & Whogaux - Start That Fire [NCS Release]_573,0.6301360940081685
550,NIVIRO - Time For Polka [NCS Release]_153,0.629410397043604
500,Mendum - One Third [NCS Release]_706,0.6285122718766806
569,Phantom Sage - Away (feat Byndy) [NCS Release]_571,0.6284241634071881
684,T & Sugah - Cast Away ft Ayve [NCS Release]_756,0.6283681292652925
658,Siren - Run Away [NCS Release]_668,0.6282864562004129
148,Curbi - Dime [NCS Release]_739,0.6281883920898156
359,Jim Yosef - Fall With Me [NCS Release]_40,0.6279794744138469
693,Tetrix Bass Feat Veela - The Light [NCS Release]_817,0.6273665894618929
336,its different - Outlaw (feat Miss Mary) [NCS Release]_511,0.6270500450327664
356,Jim Yosef - Canary [NCS Release]_557,0.6268912241951565
435,KSafo & Alex Skrindo - Future Vibes (feat Stewart Wallace) [NCS Release]_671,0.626431597762751
298,Glude - Identity [NCS Release]_531,0.6262173058255424
97,Blooom - Be Around [NCS Release]_74,0.6261698147469804
759,Vanze & Reunify - Angel (feat Parker Polhill & Bibiane Z) [NCS Release]_497,0.6260587733031187
572,Phantom Sage - Kingdom (feat Miss Lina) [NCS Release]_438,0.6259010647739541
476,MAGNUS x Unread - Cool (feat Alessia Labate) [NCS Release]_52,0.6255240031844647
380,Jone - Everything [NCS Release]_25,0.6253297646999793
30,Alex Holmes & Dark Point - You Are [NCS Release]_110,0.625246513831764
1,2SCOOPS - Donuts [NCS Release]_328,0.6242396908437353
130,Clarx - HAY [NCS Release]_364,0.6241159533670763
487,Marin Hoxha x Annie Sollange  - Falling For You [NCS Release]_244,0.6235764767845489
300,Halcyon & Valentina Franco - Runaway (Heuse Remix) [NCS Release]_230,0.6234418405902659
782,WATEVA - Ber Zer Ker [NCS Release]_319,0.6230562601019896
404,Killabyte - Wicked Ways (feat Danyka Nadeau) [NCS Release]_368,0.6215430646702432
56,Ascence - Rules [NCS Release]_245,0.6214782271061439
127,Chris Linton & Cadmium - Slow Down [NCS Release  Lyric Video]_20,0.6211186611265372
685,T & Sugah - Sleepless (feat MVE) [NCS Release]_456,0.6208188032483883
331,Itro & Kontinuum - Alive [NCS Release]_666,0.6206581946267148
281,Floatinurboat - Limbo (feat ELIØTT) [NCS Release]_297,0.6206175066772678
621,Rob Gasser & Laura Brehm - Vertigo (Spitfya Remix) [NCS Release]_285,0.6195315491292304
743,Unknown Brain - Saviour (feat Chris Linton) [NCS Release]_522,0.618277166843206
606,RetroVision - Heroes [NCS Release]_563,0.6177876871624264
607,RetroVision - Hope [NCS Release]_299,0.6174407912001068
287,Fransis Derelle - Fly (feat Parker Pohill) [NCS Release]_589,0.6173746562325529
575,Phantom Sage - Silence (feat Byndy) [NCS Release]_593,0.6171901527691924
541,NIVIRO - Memes [NCS Release]_338,0.6169328413503071
516,Modern Revolt - LOCA  [NCS Release]_145,0.6168428853788196
522,Morley & Speo - Hope [NCS Release]_784,0.6167684335172856
153,David Bulla - High Life [NCS Release]_778,0.6163244308409599
679,Summer Was Fun & Laura Brehm - Prism [NCS Release]_206,0.6162684184018834
746,Unknown Brain - Waiting (feat Lox Chatterbox BLVKSTN & Salvo) [NCS Release]_258,0.6155616290469527
3,3rd Prototype & Emdi - House [NCS Release]_424,0.6150209185812255
164,Desembra - Hit Em [NCS Release]_622,0.614949508642288
12,3rd Prototype - Renegade (feat Harley Bird & Valentina Franco) [NCS Release]_164,0.6148658902122062
452,Lensko - Cetus [NCS Release]_755,0.6140165329945924
257,ElementD & Chris Linton - Ascend [NCS Release]_222,0.6138535636612218
798,XØ SELF - dR3ÄMS (ft ARZĘ) [NCS Release]_139,0.6138104282878443
276,Far Out - Chains (feat Alina Renae) [NCS Release]_377,0.613646342752781
377,Johnning - Dont Want U Back (feat ÉWN & whogaux) [NCS Release]_125,0.6133313826735564
421,Koven & ROY KNOX - About Me [NCS Official Video]_173,0.61329609299619
580,Prismo - Stronger [NCS Release]_390,0.612850745188068
486,Marin Hoxha - Endless [NCS Release]_227,0.6124235129254434
363,Jim Yosef - Let You Go [NCS Release]_56,0.6120094594526364
347,Jensation - Donuts [NCS Release]_566,0.6109066450849934
149,CØDE - Duck Face [NCS Release]_392,0.6107809780645416
269,Ephixa & Jim Yosef - Everlasting [NCS Release]_575,0.6106064088620324
801,Y&V - Lune [NCS Release]_632,0.6103884309191147
390,JPB - Levitate (feat Joe Erickson) [NCS Release]_657,0.6099449497360939
274,ÉWN - The Light [NCS Release]_251,0.6098217868843261
349,Jim Yosef & Alex Skrindo - Passion [NCS Release]_679,0.6097721637844112
267,Emdi x Coorby - Lonewolf (feat Kristi-Leah) [NCS Release]_356,0.6097093054816913
617,Rival x Cadmium - Seasons (feat Harley Bird) [NIVIRO Remix]  NCS Release_300,0.6087153589721406
92,Besomorph x EMM - Afterlife [NCS Release]_17,0.6083114136963732
159,Debris & RudeLies - Animal (feat Jex) [NCS Release]_287,0.6079046499239316
123,Chime & Adam Tell - Whole (Rob Gasser Remix) [NCS Release]_472,0.6067173922158547
73,Axol - ILY [NCS Release]_556,0.6050890236766191
234,Egzod - Wake Up (feat Chris Linton) [NCS Release]_436,0.6046479595151808
651,Ship Wrek & Zookeepers - Ark [NCS Release]_619,0.6043475980702012
89,BEAUZ & Momo - Wont Look Back [NCS Release]_204,0.6040417998747463
308,Heuse & Caravn - Spirits Say [NCS Release]_47,0.6039168384716647
747,Unknown Brain - War Zone (ft MIME) [NCS Release]_175,0.6037303930687377
674,Steve Hartz - Never Get Old [NCS Release]_105,0.6036674884543126
290,Futuristik - Little Bit (feat Sethh) [NCS Release]_585,0.603481694214705
555,Nurko & Last Heroes - Promise Me (feat Jessie Chambers) [NCS Release]_313,0.6027882938735974
432,Krys Talk - Fly Away (JPB Remix) [NCS Release]_689,0.6022108244875377
81,Barren Gates & MIME - Enslaved [NCS Release]_280,0.6012902638016483
515,Mike Vallas Jagsy & quaggin - Left My Heart In Pain [NCS Release]_269,0.6012734617048079
483,Mangoo - Happi (ft bby ivy) [NCS Release]_29,0.6010236779514752
521,More Plastic - Summoning [NCS Release]_122,0.5997085462199774
184,Dirty Palm - Freakshow (feat LexBlaze) [NCS Release]_311,0.5994704521979023
157,Debris & Jonth - Game Time [NCS Release]_214,0.5994324217445792
796,Wubbaduck - Rush [NCS Release]_290,0.5991788092026363
288,Futuristik - Forgive Me [NCS Release]_225,0.5988134393068588
657,Sinners Heist - Streetlight People (feat Harley Bird) [NCS Release]_339,0.5977815454040836
129,Clarx - Bones [NCS Release]_231,0.597328652497525
610,RetroVision - Puzzle VIP [NCS Release]_380,0.5971344933912356
625,Rob Gasser - Ricochet [NCS Release]_492,0.597089752698487
737,Unknown Brain - Inspiration (feat Aviella) [NCS Release]_439,0.5964737984737842
220,Drolood - Break It [NCS Release]_1,0.5964440669219385
63,Au5 & Last Heroes - Lush (feat Holly Drummond) [NCS Release]_396,0.5958452956187464
355,Jim Yosef - Arrow [NCS Release]_647,0.5958244604902846
699,The Eden Project - Chasing Ghosts [NCS Release]_774,0.5949547449832872
689,T-Mass - Bow and Arrow [NCS Release]_451,0.5948936072922408
720,Tobu - Seven [NCS Release]_803,0.5946173794597376
708,Tobu & Itro - Sunburst [NCS Release]_783,0.5944612590035094
20,Aeden & Um41K - Aint Nobody Perfect [NCS Release]_61,0.5943303680690439
360,Jim Yosef - Firefly [NCS Release]_673,0.5943217364609146
137,Coopex - I Miss You [NCS Release]_160,0.5941540042999344
327,Inukshuk - Happy Accidents [NCS Release]_655,0.5935059533125484
382,Jonth - Collapse [NCS Release]_48,0.5932330372382292
773,Vidya Vidya - Safari Fruits [NCS Release]_662,0.5930041067073394
107,Cadmium - Ghost (feat Eli Raain) [NCS Release]_327,0.5928526649034441
574,Phantom Sage - Our Lives Past (feat Emily Stiles) [NCS Release]_444,0.5928511818626808
627,Rob Gasser - Supersonic [NCS Release]_508,0.5927858159204493
646,Sekai - Somebody [NCS Release]_479,0.5915232978983676
82,Barren Gates - Devil (VIP) [NCS Release]_18,0.5911381103723743
722,Tobu - Turn It Up [NCS Release]_217,0.5910609152382477
289,Futuristik - Like U Say [NCS Release]_234,0.5909369624366092
647,Sex Whales & Phantom Sage - One Day [NCS Release]_648,0.5902392202652377
353,Jim Yosef & Sara Skinner - WILDFIRE [NCS Official Video]_200,0.5900971447485945
495,Max Brhon - The Future  [NCS Release]_121,0.5897250939422347
654,Showdown - Freedom (feat IMAN) [NCS Release]_309,0.5897085950968287
632,Rogers & Dean - No Doubt (Rival x Cadmium Remix) [NCS Release]_320,0.5894015332666397
101,bvd kult - Made Of Something (feat Will Heggadon) [NCS Release]_514,0.5892580709685422
88,BEAUZ & JVNA - Crazy [NCS Release]_239,0.5891852627802939
372,Jo Cohen & BQ - Glowing At Night [NCS Release]_544,0.5890875255563669
147,Culture Code feat Karra - Make Me Move (James Roche Remix) [NCS Release]_496,0.589056611572698
10,3rd Prototype - I Know [NCS Release]_284,0.5886768394604946
576,Phantom Sage - The Light [NCS Release]_577,0.5884437619633247
761,Vanze - Survive (feat Neon Dreams) [NCS Release]_540,0.5880778015917506
488,Mark Pettitt - Something Inside [NCS Release]_192,0.5878774937607464
460,Levianth & Axol - Remember (feat The Tech Thieves) [NCS Release]_567,0.5877554882599741
310,Heuse & Tom Wilson - Ignite [NCS Release]_5,0.5877027232553897
799,Y&V - Back In Time [NCS Release]_536,0.587165995755424
756,Valcos & Chris Linton - Without You [NCS Release]_242,0.5869332905481962
278,Fareoh - Illuminati [NCS Release]_92,0.5867833732980652
205,Diviners - Falling (feat Harley Bird) [NCS Release]_314,0.5867158376576292
87,Beatcore & Ashley Apollodor - Just Stay [NCS Release]_386,0.5863382019162726
794,William Ekh - Adventures (feat Alexa Lusader) [NCS Release]_661,0.5861565264931442
191,Disfigure - Blank (HYLO Remix) [NCS Release]_376,0.5850254871838969
5,3rd Prototype - After the Storm [NCS Release]_130,0.5849078083671481
525,Mountkid - No Lullaby [NCS Release]_346,0.5846659092745049
145,Culture Code - Make Me Move (feat  Karra) [Tobu Remix]  NCS Release_469,0.5842306875877319
368,Jim Yosef x ROY KNOX - Sun Goes Down [NCS Release]_73,0.5841838048616491
804,Zookeepers & Heuse - Mercury [NCS Release]_403,0.5838537069005069
24,Aero Chord & Anuka - Incomplete [NCS Release]_461,0.583287320137214
714,Tobu - Hope [NCS Release]_789,0.5832645768019153
643,RudeLies - Down [NCS Release]_163,0.5832456019481802
536,NIVIRO - Diamond [NCS Release]_250,0.5828329047045623
426,Kozah - Hyperdrive [NCS Release]_117,0.5823299147390988
428,Krakn - Aurora [NCS Release]_374,0.5822989585301871
197,Distrion & Alex Skrindo - Entropy [NCS Release]_659,0.5821322383573179
540,NIVIRO - I Just Wanna [NCS Release]_304,0.5816097712937534
202,Distrion - Alibi (ft Heleen) [NCS Release]_58,0.5813719135065931
431,Krys Talk & Cole Sipe - Way Back Home [NCS Release]_747,0.5808922958379262
371,JJD - Halcyon [NCS Release]_607,0.580580169524202
169,Diamond Eyes - 23 [NCS Release]_32,0.5802654154756299
227,Egzod & Tanjent - Universe [NCS Release]_329,0.580237490647752
34,Alex Skrindo - Jumbo [NCS Release]_640,0.579595688601772
682,Syn Cole - Keep Going [NCS Release]_120,0.5789559010027989
795,Wontolla Kasger & Limitless - Miles Away [NCS Release]_695,0.5786375993259085
449,Lemon Fight - Stronger (feat Jessica Reynoso) [Champion Remix]  NCS Release_271,0.5784402974936522
181,Different Heaven - OMG [NCS Release]_653,0.5784196699964935
593,Raven & Kreyn - Get This Party [NCS Release]_453,0.5782726444018329
692,TARI & Yix - Bliss [NCS Release]_426,0.5756369839572897
652,Ship Wrek - Pain (feat Mia Vaile) [NCS Release]_565,0.5755970827426111
553,NIVIRO ft PollyAnna - Fast Lane [NCS Release]_295,0.575495647324758
253,Elektronomia - Summersong 2018 [NCS Release]_324,0.5752110429193106
739,Unknown Brain - Perfect 10 (feat Heather Sommer) [NCS Lyric Video]_316,0.5748281793706927
31,Alex Skrindo & Miza - Thinkin [NCS Release]_302,0.5747892633709109
711,Tobu - Candyland [NCS Release]_709,0.5747499618668221
237,Electro Light feat Sidekicks - Hold On To Me [NCS Release]_785,0.5739982455066651
489,Maryn - Shake You Off (feat Shel Bee) [NCS Release]_218,0.5734732412071138
21,Aero Chord & Anuka - Incomplete (Lyric Video) [NCS Release]_411,0.5732695090598536
672,Star Party - Legends  [NCS Release]_219,0.5719908243004312
592,Raven & Kreyn - Call Me Again [NCS Release]_414,0.5719821594810355
339,IZECOLD - Close (feat Molly Ann) [NCS x FHM Release]_603,0.571723944365694
67,Audioscribe - Shimmer [NCS Release]_75,0.5715635527329729
601,RedMoon & Meron Ryan - Heavyweight [NCS Release]_696,0.5713722793901902
337,its different - Shadows (feat Miss Mary) [NCS Release]_526,0.5711489920455297
38,Andromedik - With Me [NCS Release]_275,0.5703945267091601
247,Elektronomia & JJD - Free [NCS Release]_475,0.5700862379644871
408,KIRA - New World [NCS Release]_223,0.5695940534889683
151,CØDE - Were Invincible (feat Joseph Feinstein) [NCS Release]_413,0.5692569384827912
366,Jim Yosef - Moonlight [NCS Release]_226,0.5692410421076426
444,Laszlo - Here We Are [NCS Release]_782,0.5686971565920079
559,OLWIK - Villain (feat Tyler Fiore) [NCS Release]_734,0.5686755666941615
620,RMCM & James Roche - Diamonds (feat Micah Martin) [NCS Release]_293,0.5679965656387875
681,Syn Cole - Gizmo [NCS Release]_165,0.5677656842763995
675,Sub Urban - Cradles [NCS Release]_249,0.566475615201753
83,Barren Gates - Devil [NCS Release]_172,0.5660202014859685
785,WATEVA - See U (feat Johnning) [NCS Release]_450,0.56593462088886
177,Different Heaven - Far Away (Phantom Sage Remix) [NCS Release]_612,0.5644696181450605
594,Raven & Kreyn - In The Air [NCS Release]_481,0.5643198981754493
530,NAIMA - Let Me See You [NCS Release]_656,0.5640799473151075
134,Convex - 4U (feat Jex Jordyn) [NCS Release]_212,0.5639634119246414
394,Julius Dreisig - Whered You Go (feat Luna Lark) [NCS Release]_65,0.5638733415703673
43,Anikdote x Absent Faith - Heavens Gate (feat Oriental Cravings) [NCS Release]_418,0.5634356025798337
721,Tobu - Sound of Goodbye [NCS Release]_693,0.5634236607711445
185,Dirty Palm - No Stopping Love [NCS Release]_229,0.5627038023360409
209,Diviners X Riell - Slow [NCS Release]_24,0.5624854334604055
528,N3WPORT - Castle (feat Leila Pari) [NCS Release]_9,0.5622274267719566
105,Cadmium - Change Your Mind [NCS Release]_193,0.5608598839844987
264,Ellis - Migraine (feat Anna Yvette) [NCS Release]_555,0.560838785267181
152,Dark Heart - Crash Test Dummy [NCS Release]_41,0.5604738630247907
653,Ship Wrek Zookeepers & Trauzers - Vessel [NCS Release]_478,0.560370043525472
171,Diamond Eyes - Flutter [NCS Release]_283,0.559812379949169
551,NIVIRO - Voices In My Head [NCS Release]_141,0.5595602809612871
401,Kasger - Out Here [NCS Release]_596,0.5593808308721621
305,Halvorsen - She Got Me Like [NCS Release]_692,0.5590284485689666
405,Killercats - Kaibu [NCS Release]_599,0.5587603001953789
425,Kozah - Heavens [NCS Release]_305,0.5583794428315428
397,Kadenza - Harpuia [NCS Release]_538,0.5583294557877999
346,Jensation - Delicious [NCS Release]_440,0.5583114573785328
473,Lostboy & Slashtaq - Elysium [NCS Release]_454,0.5579877140480076
230,Egzod - Mirage (feat Leo The Kind) [NCS Release]_378,0.5578282723628315
436,KSafo & Alex Skrindo - Future Vibes feat Stewart Wallace (Uplink Remix) [NCS Release]_631,0.5575957041731858
734,Unknown Brain & Spce CadeX - Holding You (feat Max Landry) [NCS Release]_382,0.5572243103666341
526,Music Predators - Adventure Time [NCS Release]_746,0.5570758251247925
369,JJD - Adventure [NCS Release]_572,0.5567940696189086
41,Anikdote - Turn It Up [NCS Release]_600,0.556750047903212
542,NIVIRO - Sapphire [NCS Release]_519,0.5564246936636217
195,Disfigure - Losing Sleep (feat Tara Louise) [NCS Release]_550,0.556297229241402
125,Chime - Lifelong [NCS Release]_33,0.5561850954608303
117,Cartoon - On & On (feat Daniel Levi) [NCS Release]_670,0.5560777648718646
350,Jim Yosef & Alex Skrindo - Ruby [NCS Release]_312,0.5558623148267678
170,Diamond Eyes - Everything [NCS Release]_348,0.55563925865258
740,Unknown Brain - Perseus (feat Chris Linton) [NCS Release]_488,0.555214205069934
263,Ellis - Clear My Head [NCS Release]_233,0.5551735979781007
537,NIVIRO - Flares [NCS Release]_375,0.5547061102942832
100,Brook Xiao - Fire (ft Rachel Horter) [NCS Release]_42,0.5540100044884091
763,Vena Cava & Project Veresen feat Raya - Flames [NCS Release]_788,0.553337325851202
131,Clarx - Money [NCS Official Video]_49,0.5533107634646067
223,Droptek - New Style [NCS Release]_131,0.5529429443553635
683,Syntact - Shallow [NCS Release]_654,0.5526062487913441
505,Mendum - You (feat Brenton Mattheus) [NCS Release]_89,0.5519605670032975
463,LFZ - Popsicle [NCS Release]_429,0.5512181557939301
315,High Maintenance - Change Your Ways (feat Charlotte Haining) [NCS Release]_651,0.5511284684373142
424,Kozah - Haha [NCS Release]_335,0.5499374635202253
319,HYLO - Headstrong ft Mikey Ceaser & Akacia [NCS Release]_152,0.5494836331062749
375,Joe Garston - Loud & Clear (feat Richard Caddock) [NCS Release]_674,0.5488383578753521
468,Lost Sky - Fearless [NCS Release]_425,0.5482782908882733
690,T-Mass - Ignoring My Heart [NCS Release]_331,0.5474494466245604
322,Icehunt - Hover (feat Helen Tess) [NCS Release]_468,0.5473724227906224
568,Paul Flint - Watch The World Burn (feat Chris Linton) [NCS Release]_412,0.5473421183227796
250,Elektronomia - Heaven [NCS Release]_253,0.5472527048882133
434,Krys Talk - Fly Away [NCS Release]_702,0.5470385773644721
84,Barren Gates - Slow Down [NCS Release]_207,0.5466195957061636
691,T-Mass - Up In Flumes [NCS Release]_720,0.5462990231025716
90,Besomorph & Arcando & Neoni - Army [NCS Release]_71,0.5462245409223077
638,ROY KNOX x Tim Beeren - Save Me (Feat Svniivan) [NCS Release]_128,0.5456743411119088
126,Chime - Phototropic [NCS Release]_340,0.5455447977698846
325,Inukshuk - A World Away [NCS Release]_616,0.5451925098625866
163,Defqwop - Say The Word (feat The Ruins) [NCS Release]_420,0.5450962404095143
261,Elliot Berger - The Nameless [NCS Release]_776,0.5447467357204441
351,Jim Yosef & Anna Yvette - Courage [NCS Release]_441,0.5443741523020083
736,Unknown Brain - DEAD (ft KAZHI) [NCS Release]_2,0.5438826504199287
637,ROY KNOX - Shining [NCS Release]_155,0.54363437679448
23,Aero Chord & Anuka - Incomplete (T-Mass Remix) [NCS Release]_400,0.5432210337661615
211,DM Galaxy - Paralyzed (Disfigure Remix) [NCS Release]_769,0.5429643026395258
94,Blazars - Northern Lights [NCS Release]_506,0.542286967446811
543,NIVIRO - So Funky [NCS Release]_315,0.5422804968625239
402,Kasger - Reflections [NCS Release]_541,0.542223946478756
58,Ash OConnor & Curbi - Steeper [NCS Release]_728,0.542096781472092
113,Cartoon - Howling (Ft Asena) [NCS Release]_79,0.541849304355528
53,Ascence - About You [NCS Release]_161,0.5407165349218989
57,Ascence - Without You [NCS Release]_86,0.540642382683207
40,Anikdote - Imma Killa [NCS Release]_546,0.5399264692612631
140,Cream Blade - Heavenly (feat Romi) [NCS Release]_69,0.5396199279382813
206,Diviners - Savannah (feat Philly K) [NCS Release]_636,0.5395721786286451
474,Luke Carpenter & John Ross - California (feat Corey Saxon) [NCS Release]_780,0.5393305017279483
788,Waysons - Running [NCS Release]_443,0.5390069486496931
198,Distrion & Alex Skrindo - Lightning [NCS Release]_457,0.538695004793355
597,Raven & Kreyn - So Happy [NCS Official Video]_437,0.5384300746266236
760,Vanze - Forever (feat Brenton Mattheus) [NCS Release]_684,0.538116981514279
111,Cartoon - C U Again feat Mikk Mäe (Cartoon vs Futuristik VIP) [NCS Release]_529,0.5378497113368764
570,Phantom Sage - Crystal Clouds [NCS Release]_620,0.5378005700284499
383,Jordan Schor & Harley Bird - Home [NCS Release]_381,0.5373731931960951
48,Approaching Nirvana & Alex Holmes - Darkness Comes [NCS Release]_232,0.5373169322251024
667,Spektrum & Sara Skinner - Keep You [NCS Release]_236,0.5373106685071075
142,Culture Code - Electricity (feat Michael Zhonga) [NCS Release]_667,0.5369792085143841
158,Debris & Our Psych - Omerta [NCS Release]_428,0.5360216640582972
475,Maduk - Go Home [NCS Release]_205,0.5358999083163812
332,Itro & Tobu - Cloud 9 [NCS Release]_743,0.5352620928826154
702,The Same Persons - Versace [NCS Release]_10,0.5350470021146991
433,Krys Talk - Fly Away (Mendum Remix) [NCS Release]_690,0.5346637732397135
265,ELPORT x VYMVN - Power [NCS Release]_276,0.5343168441876306
445,Laszlo - Imaginary Friends [NCS Release]_807,0.5342659188652611
161,Deflo & Lliam Taylor - Spotlight (feat AWA) [NCS Release]_334,0.5338693522616754
229,Egzod - Departure (feat evOke) [NCS Release]_257,0.5338059327132297
636,ROY KNOX - I Wish [NCS Release]_136,0.5338051919513643
730,Unison - Aperture [NCS Release]_645,0.5334960248584242
188,Discos Over - Lonely Island PTII (feat PRXZM) [NCS Release]_664,0.5334200366840949
338,IZECOLD - Close (feat Molly Ann) [Brooks Remix]  NCS x FHM Release_548,0.5333624971748637
725,Tom Wilson - Be Myself [NCS Release]_15,0.5332398857757626
342,Janji - Heroes Tonight (feat Johnning) [NCS Release]_680,0.5331763420506599
291,Fytch - Blinded (feat Kosta & Theo Hoarau) [NCS Release]_646,0.5325551404482735
116,Cartoon - Más Y Más (feat Daniel Levi) [NCS Release]_118,0.5317413341109246
39,Anikdote & Culture Code - Don’t Let It Go (feat Brado Sanz) [NCS Release]_467,0.5314469922878415
187,Dirty Palm - To The Back (feat Purple Velvet Curtains) [NCS Release]_88,0.5314316446654967
797,Xaia Rain Man Oly - Breakdown [NCS Release]_35,0.5311937941744888
254,Elektronomia - The Other Side [NCS Release]_446,0.5308098008780469
694,Teyeq - Demons [NCS Release]_38,0.530801077174465
544,NIVIRO - The Apocalypse [NCS Release]_326,0.5303302712443487
418,Kovan & Electro-Light - Skyline [NCS Release]_460,0.5302668599849187
141,Culture Code & Regoton ft Jonny Rose - Waking Up [NCS Release]_775,0.5301935404901599
417,Kovan & Alex Skrindo - Into The Wild (feat Izzy) [NCS Release]_422,0.5299496652622093
121,Cartoon feat Jüri Pootsmann - I Remember U [NCS Official Video]_611,0.5298832668849427
132,Clarx - Zig Zag [NCS Release]_336,0.5297514684441209
602,RedMoon feat Jonny Rose - Only Us [NCS Uplifting Release]_725,0.5294142967313461
218,Dread Pitt - Pyro [NCS Release]_516,0.5294094202602526
695,Teyeq - Pull Me Down [NCS Release]_55,0.529328765689459
498,Mendum - Beyond (feat Omri) [NCS Release]_292,0.5287481016332772
709,Tobu & Marcus Mouya - Running Away [NCS Release]_721,0.5283789122962561
409,Kisma - Fingertips [NCS Release]_371,0.5279975285538157
552,NIVIRO - You [NCS Release]_445,0.5279299315111794
471,Lost Sky - Vision [NCS Release]_208,0.5277626935715577
626,Rob Gasser - Superhero (feat Sekai) [NCS Release]_184,0.527346918135116
513,Midranger - Apocalypse [NCS Release]_4,0.5272927410122535
768,Venemy - Need You Now (feat Danica) [NCS Release]_484,0.5266788802547386
518,More Plastic - Champion [NCS Release]_91,0.5261877710453908
85,Beatcore & Ashley Apollodor - Burning Bridges [NCS Release]_170,0.5255627880658532
212,DM Galaxy - Paralyzed (feat Tyler Fiore) [NCS Release]_796,0.5254282857089587
644,Sekai - Burn Me Down [NCS Release]_114,0.5246840444632238
470,Lost Sky - Lost [NCS Release]_405,0.5246798072272881
744,Unknown Brain - Say Goodbye (ft Marvin Divine) [NCS Release]_137,0.5243142333661439
507,Michael White - Angel’s Anthem [NCS Release]_432,0.5242920459821114
387,JPB - Defeat The Night (feat Ashley Apollodor) [NCS Release]_642,0.5240305855159652
252,Elektronomia - Sky High [NCS Release]_528,0.523799355326764
701,The Lifted - Crash N Burn (feat Man 3 Faces) [NCS Release]_333,0.5234709357138968
466,Lost Sky - Dreams [NCS Release]_310,0.5232639846099234
303,Halcyon - Runaway (feat Valentina Franco) [TARI Remix]  NCS Release_395,0.5227563009024437
750,Unknown Brain x Rival - Control (feat Jex) [NCS Release]_282,0.5226581416057715
98,Brandon Jonak & PepB - Where Do I Go (feat Ezra James) [NCS Release]_474,0.522443189604111
208,Diviners feat Contacreast - Tropic Love [NCS Release]_699,0.5220771289508999
271,Exit Friendzone ft Eden - Iris [NCS Release]_791,0.5220167299951303
239,Electro-Light & Jordan Kelvin James - Wait For You (feat Anna Yvette) [NCS Release]_560,0.5219216531298263
613,Rival - Walls (feat Bryan Finlay) [NCS Release]_195,0.5218288305504114
587,Rameses B - There For You [NCS Release]_465,0.5217274836451515
19,Aeden & Joellé - I Feel Crazy [NCS Release]_93,0.5216550388297468
467,Lost Sky - Dreams pt II (feat Sara Skinner) [NCS Release]_254,0.5213428597316278
174,Diamond Eyes - Stars [NCS Release]_201,0.5212766345122785
279,Fareoh - Under Water [NCS Release]_347,0.5212157011776286
201,Distrion & Electro-Light - You And Me (feat Kenekt) [NCS Release]_615,0.5208297583938021
55,Ascence - Places Like That [NCS Release]_178,0.520714990885211
634,ROY KNOX - Breathe Me In [NCS Release]_162,0.5205714077051171
458,Leowi - Hollywood (feat joegarratt) [NCS Release]_494,0.5197815540986133
293,Geoxor - Higher [NCS Release]_510,0.519776196211095
510,Michael White x Deflo - About To Go Down [NCS Release]_410,0.5192139672552085
612,Rival - Be Gone (feat Caravn) [NCS Release]  Lyric Video_166,0.5191875084175798
764,Vena Cava - Handsonic (feat Jordan Virelli) [NCS Release]_777,0.5190292373034471
586,Rameses B - Story [NCS Release]_354,0.5190187651663679
25,Aero Chord - Time Leap [NCS Release]_810,0.5190141790687105
172,Diamond Eyes - Gravity [NCS Release]_109,0.5185774309745038
775,Vosai - Love Of My Life [NCS Release]_196,0.5183979133701276
712,Tobu - Colors [NCS Release]_800,0.5183841938459133
469,Lost Sky - Fearless ptII (feat Chris Linton) [NCS Release]_384,0.5178401788199234
724,TOKYO MACHINE & Guy Arthur - GET UP [NCS Release]_59,0.5174847509641863
45,Anixto - Ride or Die [NCS Release]_111,0.5169959979692891
669,Speo - Make A Stand (feat Budobo) [NCS Release]_676,0.516757286710921
603,RetroVision & Domastic - SICC [NCS Release]_466,0.5164939666205915
641,RudeLies & Distrion - One Two [NCS Release]_100,0.5163020904793031
520,More Plastic - Razor [NCS Release]_62,0.5161963463712826
33,Alex Skrindo - Get Up Again (feat Axol) [NCS Release]_590,0.5161770069304827
776,Wanden & Slashtaq - Better Off [NCS Release]_39,0.5161080124089591
671,Spitfya x Desembra - Cut The Check [NCS Release]_605,0.5158294842234918
645,Sekai - Running [NCS Release]_303,0.5156951411815258
52,Arlow - How Do You Know [NCS Release]_154,0.5155242726219516
464,Light Years Away - Melrose At Midnight [NCS Release]_552,0.515319877074987
246,Electronic Vibes - Dont Leave Me (ft Mime) [NCS Release]_779,0.5148390397333252
225,Egzod & EMM - Dont Surrender [NCS Release]_3,0.5147758599544856
361,Jim Yosef - Forces (feat Ivan Jamile & Kédo Rebelle) [NCS Release]_618,0.5145125011200237
255,Elektronomia - Vitality [NCS Release]_402,0.5144931178143626
103,BVRNOUT - Take It Easy (feat Mia Vaile) [NCS Release]_447,0.5140384464529758
118,Cartoon - Why We Lose (feat Coleman Trapp) [NCS Release]_678,0.5138918572289424
104,Cadmium - Be With You (feat Grant Dawson) [Official Lyric Video]_294,0.5135003816163688
112,Cartoon - Howling (ft Asena) (Andromedik Remix) [NCS Release]_57,0.5131481319347169
539,NIVIRO - Get My Love [NCS Release]_241,0.5127685694241185
771,Verm - Explode [NCS Release]_811,0.5125764511932955
78,Axtasia - Light Up The Sky (feat Soundr) [NCS Release]_483,0.5125112712239279
37,Andromedik - Titan [NCS Release]_266,0.5123092751552532
296,Glude - Breathe [NCS Release]_609,0.5122902856499503
735,Unknown Brain - Dancing On The Moon (ft Luke Burr) [NCS Release]_11,0.5118441717783183
317,Housewell & Side-B feat Karl VanBurkleo - Drifting Away [NCS Release]_753,0.5117965706816175
374,Jo Cohen & Sex Whales - We Are [NCS Release]_604,0.5111377217791664
373,Jo Cohen & Sex Whales - Run Away (feat Lusil) [NCS Release]_398,0.5108276810102893
344,Janji feat TR - Milky Way Stars [NCS Release]_768,0.5106250886807447
240,Electro-Light - Fall For Gravity feat Nathan Brumley [NCS Release]_749,0.5098928326947997
165,Desmeon - Back From The Dead [NCS Release]_608,0.5096788506086307
650,Ship Wrek & The Highrollers - Waiting [NCS Release]_337,0.5092143733323183
400,Kasger - Highland [NCS Release]_707,0.5085314454936114
416,Kontinuum - Lost (feat Savoi) [Sunroof Remix]  NCS Release_459,0.5085193806575399
723,Todd Helder & Guy Arthur feat TITUS - Closer [NCS Release]_70,0.5082153626975184
560,Omar Varela Xavi & Gi - Stronger (feat Miss Lina) [NCS Release]_539,0.5080862842274433
385,JPB & MYRNE - Feels Right (ft Yung Fusion) [NCS Release]_597,0.5078756974431343
705,THYKIER - THE LIMIT [NCS Release]_103,0.5069067374882278
357,Jim Yosef - Cant Wait (feat Anna Yvette) [NCS Release]_582,0.506696935979024
80,Barren Gates & Jon Becker - Pray That Youll Be Dead To Me [NCS Release]_104,0.5066338696726433
713,Tobu - Good Times [NCS Release]_701,0.5065564216127266
120,Cartoon feat Jüri Pootsmann - I Remember U (Xilent Remix) [NCS Release]_594,0.5063980721825369
619,Rival x Egzod - Live A Lie (ft Andreas Stone) [NCS Release]_76,0.5061918078496604
215,Domastic - Khalas [NCS Release]_216,0.5061842950275374
727,Tritan - Hollow Life (feat Ratfoot) [NCS Release]_124,0.5061189251200763
167,Desmeon - On That Day (feat ElDiablo Flint & Zadik) [NCS Release]_748,0.5055488194799627
420,Kovan - Thrill Is Gone (feat Mark Borino) [NCS Release]_352,0.5050712589809245
199,Distrion & Electro-Light - Drakkar [NCS Release]_262,0.5049846989182722
51,Arlow - Freefall [NCS Release]_43,0.5048642009821784
623,Rob Gasser - Happy [NCS Release]_406,0.5044057377486227
7,3rd Prototype - Dancefloor [NCS Release]_372,0.5043183562732361
228,Egzod & Wasiu - Mutiny [NCS Release]_6,0.5041795889892865
787,Waysons - Eternal Minds [NCS Release]_621,0.5036230398752034
286,Four Eyes - Psycho [NCS Release]_476,0.502846414457056
415,Kontinuum - Lost (feat Savoi) [NCS Release]_634,0.501533453051575
698,The Arcturians - This Is Life [NCS Release]_14,0.5013085766938833
176,Different Heaven & Sian Area - Feel Like Horrible [NCS Release]_579,0.5008480397838377
179,Different Heaven - Nekozilla (LFZ Remix) [NCS Release]_545,0.5008122722975314
545,NIVIRO - The Floor Is Lava [NCS Release]_435,0.5005688751788966
618,Rival x Cadmium - Willow Tree (feat Rosendale)  [NCS Release]_268,0.5003500547114347
677,Subtact - Away [NCS Release]_694,0.5000756334757129
47,Anna Yvette - Red Line [NCS Release]_171,0.4998797446609675
248,Elektronomia - Breeze [NCS Release]_21,0.4995975835277715
410,Kisma - We Are [NCS Release]_407,0.49916749051779236
175,Different Heaven & EH!DE - My Heart [NCS Release]_812,0.4988156260276236
9,3rd Prototype - Get In [NCS Release]_523,0.4983185701351702
509,Michael White - Venus (feat MYLK) [NCS Release]_323,0.4980757038282516
605,RetroVision - Campfire [NCS Release]_417,0.49770974348346775
611,Rival - Be Gone (feat Caravn) (Urbandawn Remix) [NCS Release]_126,0.4974405978066215
529,N3WPORT - Power (feat braev) [NCS Release]_22,0.49717212228089647
365,Jim Yosef - Link [NCS Release]_463,0.49658839932575116
778,Warptech feat Cory Friesenhan - In The Stories [NCS Release]_754,0.49629545493338734
186,Dirty Palm - Oblivion (feat Micah Martin) [NCS Release]_401,0.4954550209548574
321,Hylo x Disfigure - Im Here [NCS Release]_67,0.4953582873331479
318,HOVERBOOTS - One [NCS Release]_682,0.4950487003252967
221,Dropouts -  Unity (feat Aloma Steele) [NCS Release]_732,0.4946923596319409
162,Defqwop - Awakening [NCS Release]_360,0.49437472471273824
44,Anixto - Joker [NCS Release]_8,0.49435537498880694
783,WATEVA - dead! [NCS Release]_183,0.49394982139018234
99,Brig - Spoil [NCS Release]_614,0.4937866708853586
334,Itro - Skyward Bound (feat Kédo Rebelle) [NCS Release]_688,0.4936854594684711
687,T-Mass & Enthic - Can You Feel It [NCS Release]_507,0.49320557338139437
75,Axol x Alex Skrindo - You [NCS Release]_553,0.493107996715031
781,WATEVA - Ber Zer Ker (Rob Gasser Remix) [NCS Release]_101,0.4929377753638297
393,Julius Dreisig & Zeus X Crona - Invisible [NCS Release]_279,0.492499469994394
150,CØDE - Get The Party [NCS Release]_366,0.49206189896419633
156,Debris & Dazers - Double D [NCS Release]_385,0.4915684878726748
189,Discos Over - Reflections (feat Lokka Vox) [NCS Release]_681,0.4914490508493951
680,Syn Cole - Feel Good [NCS Release]_613,0.49137760928414614
588,Ramzoid - Electron [NCS Release]_762,0.4913486416471772
378,Johnny Third - Young Ones (feat Jeremy Fowler) [NCS Release]_751,0.4905023294706544
629,Robert Chacon - Redshift (feat Robertha Sepulveda) [NCS Release]_795,0.48963029308448064
631,Robin Hustin x TobiMorrow - Light It Up (feat Jex) [NCS Release]_306,0.4892701601406449
504,Mendum - Stay With Me [NCS Release]_744,0.4891021723916259
642,RudeLies & Facading - Arabian Nights [NCS Release]_181,0.4888247995957824
217,Domastic - Weird Dream [NCS Release]_502,0.48858030349807574
450,Lemon Fight - Stronger (feat Jessica Reynoso) [NCS Release]_357,0.48844796589265854
389,JPB - High [NCS Release]_711,0.4883048438135814
295,Giraffe Squad - Wait For Me [NCS Release]_485,0.48794235197166835
481,Malik Bash - Apollo [NCS Release]_641,0.48790303705025834
216,Domastic - Memories [NCS Release]_81,0.4878470231022676
128,Clarx & Harddope - Castle [NCS Release]_64,0.487369139804645
774,Voicians - Seconds [NCS Release]_524,0.4871675275698096
106,Cadmium - Click & Scroll (feat Eli Raain & Veronica Bravo) [NCS Release]_235,0.48613290539211784
29,Alan Walker - Spectre [NCS Release]_718,0.4850430355261366
786,Waysons - Daydream [NCS Release]_635,0.4839146104353732
22,Aero Chord & Anuka - Incomplete (Muzzy Remix) [NCS Release]_408,0.48376291087748724
604,RetroVision - Cake [NCS Release]_322,0.48306118471041737
700,The Eden Project - Lost [NCS Release]_738,0.48283707157051425
133,Codeko - Crest [NCS Release]_792,0.48253379549430186
155,DEAF KEV - Invincible [NCS Release]_687,0.48207270202303815
226,Egzod & Neoni - The Revolution [NCS Release]_12,0.4818942063849283
328,Inukshuk - The Long Road Home [NCS Release]_399,0.4818531424419885
497,MELOKIDS x EMDI - My Love [NCS Release]_144,0.4818351582445499
62,Asketa & Natan Chaim x Requenze x MIME - Warriors [NCS Release]_143,0.48152878285558576
666,Spektrem - Shine [NCS Release]_815,0.4814745414761423
446,Laszlo - One Step Away [NCS Release]_794,0.48135628637756517
376,John Kenza - Wicked [NCS Release]_487,0.48099526261770703
280,Feint - Shockwave (feat Heather Sommer) [NCS Release]_260,0.48089765780966065
583,Raiko - Revenger [NCS Release]_210,0.47810669463863903
748,Unknown Brain - Why Do I (feat Bri Tolani) [NCS Release]_343,0.4781032090679352
352,Jim Yosef & Anna Yvette - Linked [NCS Release]_387,0.4776532749797655
741,Unknown Brain - Roots (feat Attxla) [NCS Release]_421,0.4770718048040305
462,LFZ - Echoes [NCS Release]_501,0.4769542636186043
251,Elektronomia - Limitless [NCS Release]_495,0.47599339067422014
135,Convex - Home Soon (feat Micah Martin) [NCS Release]_134,0.47574797679379127
168,Desmeon - Undone (feat Steklo) [NCS Release]_583,0.4755667096967556
733,Unknown Brain & Anna Yvette - Twisted Reality [NCS Release]_409,0.4749492051687867
411,Konac - Home [NCS Release]_587,0.4748387959973206
556,Olly Walker - Sorry (I Had To Leave) [NCS Release]_96,0.4747663346607125
219,Dread Pitt - Reckless (ft C) [NCS Release]_247,0.47437946982801715
719,Tobu - Roots [NCS Release]_588,0.474129165827803
110,Cartoon & Daniel Levi - The Story of On & On [NCS Documentary]_113,0.4736859742215463
648,Sex Whales & Roee Yeger - Where Was I (feat Ashley Apollodor) [NCS Release]_638,0.4733518420007604
565,Paul Flint & Phil Lees - Girlfriend (ft LW) [NCS Release]_296,0.473049211283581
622,Rob Gasser & Laura Brehm - Vertigo [NCS Release]_576,0.4725331047969892
731,Unison - Reality [NCS Release]_710,0.47106433160051236
517,Modern Revolt - VOLT [NCS Release]_147,0.46873699551626724
284,Focus Fire - Mirage [NCS Release]_281,0.46843456913600046
502,Mendum - Save Myself (with xo sad) [NCS Release]_99,0.4679756028405698
571,Phantom Sage - Hollow [NCS Release]_505,0.4670622409007501
665,Spektrem - Shine (Gabriel Drew & Bloom Remix) [NCS Release]_809,0.46496692462245737
238,Electro Light ft Kathryn MacLean - The Edge [NCS Release]_771,0.46487559790037575
79,Barren Gates & BEAUZ - Tomorrow (feat Harley Bird) [NCS Release]_228,0.46398006415802273
301,Halcyon - December (feat Gian) [NCS Release]_389,0.46392993229883694
50,Arlow - Feel So Lucky [NCS Release]_80,0.46349182709569214
590,Raven & Kreyn - Biscuit [NCS Release]_317,0.46338302320977104
95,Blazars - Polaris [NCS Release]_562,0.4633605490053949
61,Asketa & Natan Chaim - Alone (feat Kyle Reynolds) [NCS Release]_273,0.4631337199430515
524,Mountkid - Jellyfish Party [NCS Release]_87,0.46265602414506724
430,Krale - Frontier (ft Jasmina Lin & Jay Christopher) [NCS Release]_733,0.461605086287809
213,Domastic & Anna Yvette - Echoes [NCS Release]_156,0.461386149835557
66,Audioscribe - Free Fall [NCS Release]_801,0.458301021215825
249,Elektronomia - Energy [NCS Release]_570,0.45829138162080496
599,Razihel - Love U [NCS Release]_610,0.45781741555943983
566,Paul Flint - Savage [NCS Release]_578,0.4577329971277266
729,Umpire - Gravity (feat Liz Kretschmer) [NCS Release]_700,0.4571902390995213
224,Egzod & Anna Yvette - My City [NCS Release]_367,0.45711121979176506
403,Killabyte - Our Story [NCS Release]_649,0.4570230603498736
442,Laszlo - Dont Look Down [NCS Release]_770,0.4568805195529327
523,Mountkid - Dino [NCS Release]_330,0.4568237617906103
236,Electro Light feat Iain Mannix - Clearly (Venemy Remix) [NCS Release]_793,0.45639916052421
429,Krakn - Light [NCS Release]_434,0.456317666443724
584,Rameses B - Beside You (feat Soundr) [NCS Release]_574,0.4561306010838043
767,Venemy & Aznar ft Doubletake - Reign [NCS Release]_808,0.4558223112742861
72,Axol & The Tech Thieves - Bleed [NCS Release]_477,0.4548584897453935
183,Different Heaven feat ReesaLunn - Pentakill [NCS Release]_722,0.45343032520080895
595,Raven & Kreyn - Muffin [NCS Release]_274,0.4530396766039231
447,Le Malls - Come Through (feat Ari G) [NCS Release]_108,0.4520520883573701
214,Domastic - Forever [NCS Release]_342,0.4510610270977108
686,T & Sugah x NCT - Stardust (feat Miyoki) [NCS Release]_627,0.4493125564539286
557,OLWIK - Taking Over (feat Alexa Lusader) [NCS Release]_761,0.4492340226571777
664,Slashtaq - Neverland (feat Kalu) [NCS Release]_267,0.4485413628657782
367,Jim Yosef - Speed [NCS Release]_527,0.44825603136528785
49,Arcien - Elevate [NCS Release]_740,0.4479220243148344
649,Ship Wrek & Essy - Fools Gold [NCS Release]_355,0.44780360224743176
345,Jensation -  Joystick [NCS Release]_521,0.44735508995153095
35,Andromedik - Let Me In [NCS Release]_361,0.447313934607791
762,Vanze x Balco x Fransis Derelle - All I Need (feat Brenton Mattheus) [NCS Release]_650,0.4425813632346031
717,Tobu - Mesmerize [NCS Release]_760,0.44226781475787613
596,Raven & Kreyn - RICH [NCS Release]_187,0.442244328323194
558,OLWIK - This Life (feat Johnning) [NCS Release]_786,0.4418138776293784
192,Disfigure - Blank [NCS Release]_816,0.4418044580887665
93,BH - Holding On [NCS Release]_45,0.4375517906116857
573,Phantom Sage - MIKO [NCS Release]_644,0.4373318076221663
335,Itro x Valcos - Starbound [NCS Release]_714,0.43462247749976024
577,Phantom Sage - When I’m Gone [NCS Release]_430,0.43382750813288734
384,Jordan Schor - Cosmic (feat Nathan Brumley) [NCS Release]_462,0.43244754902408483
766,Vena Cava - TOHKA (feat Raya) [NCS Release]_766,0.4319478865297005
589,Raptures & Sam Ourt - Taking Control ft Halvorsen [NCS Release]_23,0.43142135539921267
752,Uplink & Castion - Euphoria [NCS Release]_491,0.43101949051887906
379,Jonas Wang - Shining  [NCS Release]_34,0.42973125439532633
608,RetroVision - Over Again (feat Micah Martin) [NCS Release]_489,0.4293273654895195
738,Unknown Brain - MATAFAKA (feat Marvin Divine) [NCS Release]_464,0.42795536120808214
399,Kasger - Cover It Up [NCS Release]_307,0.42683401129100024
109,CARBIN & hayve - Murderer (feat Emily Makis) [NCS Release]_16,0.4254318917139907
655,Simbai & Eyemèr - Thunder [NCS Release]_199,0.4227988934787637
512,MIDNIGHT CVLT & Titus1 - Better Days [NCS Release]_90,0.42088656909252053
688,T-Mass & Jaxxtone - Gave To Me [NCS Release]_458,0.42057141032182227
704,THYKIER - INTENSIFY [NCS Release]_83,0.42011003310216516
348,JIKES (Ft Nori) - Lets Fly Away Pt2 [NCS Release]_813,0.4198705899841466
27,Alan Walker - Fade [NCS Release]_729,0.4176832020861937
676,SubSound - Feel The Buzz [NCS Release]_797,0.41762693585781485
703,The Void - Lost Language [NCS Release]_781,0.412652129382282
591,Raven & Kreyn - Bubble [NCS Release]_349,0.4125077458609428
792,whogaux - i dont care [NCS Release]_186,0.40948090929758774
534,Netrum - Colorblind (feat Halvorsen) [NCS Release]_72,0.40934365231227626
166,Desmeon - Hellcat [NCS Release]_643,0.40931286390566485
715,Tobu - Infectious [NCS Release]_767,0.4086167142695675
329,Inukshuk - Too Far Gone [NCS Release]_362,0.4072044282223666
533,Netrum - Any Closer [NCS Release]_7,0.4031436278176643
600,Razihel - Power Up [NCS Release]_78,0.3999323577362659
423,Koven x ROY KNOX - About Me [NCS Release]_185,0.3979717931342554
4,3rd Prototype & Lex Dave - Time (feat Yohamna Solange) [NCS Release]_675,0.39752581377545126
506,Michael White - All Eyes On Me [NCS Release]_473,0.39525854941933847
422,Koven - Never Have I Felt This [NCS Release]_264,0.39521170450622334
18,Aeden & Harley Bird - Find A Way Out [NCS Release]_182,0.3901002446567936
630,Robin Hustin - On Fire [NCS Release]_243,0.3866108173349448
343,Janji - Together (Feat Vivien) [NCS Release]_763,0.3864635345169571
624,Rob Gasser - Hollow (feat Veronica Bravo) [NCS Release]_213,0.379995617839171
769,Venemy - Rescue Me (feat Car) [NCS Release]_698,0.3789944209183934
628,Rob Gasser x Michael White x Miss Lina - Modular [NCS Release]_224,0.3786837495565185
71,Axol & Max Hurrell - Shots Fired [NCS Release]_252,0.37769735415291794
233,Egzod - Rise Up (ft Veronica Bravo & MIME) [NCS Release]_194,0.3771508611639922
275,Facading - Walk Away [NCS Release]_44,0.3737461505623269
508,Michael White - Got You [NCS Release]_379,0.37123740379930825
749,Unknown Brain Heather Sommer - Perfect 10 (Unknown Brain & RudeLies VIP) [NCS Release]_202,0.3694934255684458
635,ROY KNOX - Earthquake [NCS Release]_149,0.366059674194288
11,3rd Prototype - Im Fine [NCS Release]_27,0.35642565013321575
640,RudeLies & Clarx - Erase [NCS Release]_46,0.35550933515223254
69,AXEN & HYLO - Habits (feat AKACIA) [NCS Release]_189,0.34014574636697087
511,MIDNIGHT CVLT & The Brig - Cant Escape [NCS Release]_102,0.3306818448759883
